,,,,,,,,,,,,,,,,,,,,,,,,
,COMPANY DATA,,,,OFFERING INFORMATION,,,,, OFFERING DATA ,,,,,, INVESTORS PARTICIPATION (%) ³ ,,,,,  TOTAL VALUE (R$) ,,,
,TRADING NAME,LISTING SEGMENT,INDUSTRY CLASSIFICATION,UNDERWRITER,CLASSIFICATION,TIPO,PRICE FIXING DATE (DATE/MONTH/YEAR),PRICE PER SHARE / UNIT / BDR 4,DATE OF NEGOTIATION,NUMBER OF INDIVIDUALS, NUMBER OF INVESTORS , PRIMARY OFFERING (VALUE R$) , SECONDARY OFFERING (VALUE R$) ,"TOTAL
(VALUE R$)","TOTAL
(VALUE USD)",RETAIL,INSTITUTIONAL,FOREIGNERS,OTHERS,,YEAR,IPO,FOLLOW-ON,TOTAL
,CCR RODOVIAS,NM,Road Concessions,UBS,FOLLOW-ON,ICVM 400,4/26/2004,"R$ 23,50",27/04/04,  1.010 ,  1.514 ,  375.000.005 ,  - ,  375.000.005 ,  120.003.842 ,7%,18%,75%,1%,,2004,  4.487.065.024 ,  4.317.579.322 ,  8.804.644.346 
,NATURA,NM,Personal Hygiene,UBS,IPO,ICVM 400,5/24/2004,"R$ 36,50",26/05/04,  4.376 ,  5.460 ,  - ,  768.120.637 ,  768.120.637 ,  243.230.094 ,14%,15%,67%,4%,,2005,  5.447.335.660 ,  8.488.868.795 ,  13.936.204.455 
,GOL,N2,Civil Aviation,Morgan Stanley,IPO,ICVM 400,6/23/2004,"R$ 26,57",24/06/04,  11.274 ,  12.380 ,  498.187.500 ,  379.951.000 ,  878.138.500 ,  282.996.616 ,10%,13%,75%,1%,,2006,  15.373.613.634 ,  15.062.683.258 ,  30.436.296.892 
,ALL AMER LAT,N2,Railways,Pactual,IPO,ICVM 400,6/23/2004,"R$ 46,50",25/06/04,  3.275 ,  4.198 ,  267.375.000 ,  320.850.000 ,  588.225.000 ,  189.164.201 ,8%,20%,71%,1%,,2007,  55.648.186.085 ,  14.464.732.433 ,  70.112.918.518 
,WEG,N1,"Engines, Compressors and Others",Bradesco BBI,FOLLOW-ON,ICVM 400,9/3/2004,"R$ 7,20",06/09/04,  5.130 ,  5.708 ,  - ,  319.384.800 ,  319.384.800 ,  109.596.047 ,30%,24%,41%,5%,,2008,  7.494.941.362 ,  26.760.549.835 ,  34.255.491.197 
,BRASKEM,N1,Petrochemicals,Unibanco,FOLLOW-ON,ICVM 400,9/22/2004,"R$ 0,09",24/09/04,  2.287 ,  2.737 ,  1.210.950.000 ,  - ,  1.210.950.000 ,  421.419.871 ,5%,21%,74%,1%,,2009,  23.831.458.391 ,  22.151.816.327 ,  45.983.274.718 
,CPFL ENERGIA,NM,Eletric Utilities,Merrill Lynch,IPO,ICVM 400,9/28/2004,"R$ 17,22",29/09/04,  2.661 ,  3.271 ,  684.649.515 ,  136.312.659 ,  820.962.174 ,  287.029.639 ,7%,22%,69%,1%,,2010,  11.193.373.738 ,  138.047.959.152 ,  149.241.332.889 
,GRENDENE,NM,Footwear,Pactual,IPO,ICVM 400,10/27/2004,"R$ 31,00",29/10/04,  7.745 ,  8.998 ,  - ,  616.900.000 ,  616.900.000 ,  215.963.592 ,16%,19%,64%,1%,,2011,  7.175.095.457 ,  10.814.789.923 ,  17.989.885.380 
,SABESP,NM,Water Utilities,Unibanco,FOLLOW-ON,ICVM 400,10/28/2004,"R$ 0,11",29/10/04,  89 ,  361 ,  - ,  687.986.985 ,  687.986.985 ,  251.071.814 ,1%,17%,81%,0%,,2012,  3.932.950.736 ,  9.307.533.492 ,  13.240.484.228 
,DASA,NM,Medical Products,UBS,IPO,ICVM 400,11/17/2004,"R$ 20,00",19/11/04,  2.815 ,  3.482 ,  126.136.300 ,  311.247.720 ,  437.384.020 ,  158.260.310 ,9%,22%,68%,1%,,2013,  17.293.349.990 ,  6.066.116.253 ,  23.359.466.243 
,PORTO SEGURO,NM,Insurance,Pactual,IPO,ICVM 400,11/18/2004,"R$ 18,75",22/11/04,  5.757 ,  6.499 ,  129.022.800 ,  248.311.894 ,  377.334.694 ,  136.330.188 ,8%,19%,71%,2%,,2014,  417.980.763 ,  13.959.899.999 ,  14.377.880.762 
,GERDAU,N1,Steel Industry,Pactual,FOLLOW-ON,ICVM 400,12/9/2004,"R$ 40,00",09/12/04,  169 ,  250 ,  - ,  412.805.170 ,  412.805.170 ,  148.790.791 ,5%,14%,79%,3%,,2015,  602.800.014 ,  17.461.217.465 ,  18.064.017.479 
,GERDAU MET,N1,Steel Industry,Pactual,FOLLOW-ON,ICVM 400,12/9/2004,"R$ 55,00",09/12/04,  66 ,  119 ,  - ,  88.266.090 ,  88.266.090 ,  31.814.479 ,13%,53%,28%,6%,,2016,  674.197.600 ,  9.966.649.298 ,  10.640.846.898 
,BRADESPAR,N1,Diverse Holdings,Credit Suisse,FOLLOW-ON,ICVM 400,12/14/2004,"R$ 77,00",15/12/04,  315 ,  737 ,  1.044.546.272 ,  - ,  1.044.546.272 ,  379.724.543 ,3%,16%,66%,15%,,2017,  20.760.529.289 ,  21.020.386.288 ,  41.780.915.577 
,SUZANO PETR,N2,Petrochemicals,Itaú BBA,FOLLOW-ON,ICVM 400,12/16/2004,"R$ 5,80",17/12/04,  4.680 ,  5.284 ,  31.900.000 ,  146.740.000 ,  178.640.000 ,  65.563.181 ,18%,46%,35%,1%,,2018,  6.823.344.095 ,  4.429.700.000 ,  11.253.044.095 
,UNIBANCO,N1,Banks,Unibanco,FOLLOW-ON,ICVM 400,1/31/2005,"R$ 15,65",31/01/05,  1.402 ,  2.064 ,  - ,  718.294.107 ,  718.294.107 ,  273.656.700 ,9%,32%,57%,2%,,2019,  9.836.302.565 ,  79.762.980.683 ,  89.599.283.248 
,RENAR,NM,Food,Elite,IPO,ICVM 400,8/10/2004,"R$ 1,60",28/02/05,  1.589 ,  1.781 ,  16.000.000 ,  - ,  16.000.000 ,  6.165.703 ,87%,1%,5%,7%,,2020,  22.163.814.010 ,  56.100.003.850 ,  78.263.817.861 
,ALL AMER LAT,N2,Railways,Pactual,FOLLOW-ON,ICVM 400,3/22/2005,"R$ 72,50",23/03/05,  1.167 ,  1.540 ,  - ,  644.865.678 ,  644.865.678 ,  235.326.671 ,9%,11%,80%,0%,,,,,
,SUBMARINO,NM,Diversified Products,Credit Suisse,IPO,ICVM 400,3/29/2005,"R$ 21,62",30/03/05,  3.969 ,  4.368 ,  135.125.000 ,  337.812.500 ,  472.937.500 ,  176.416.555 ,9%,23%,65%,2%,,,,,
,ULTRAPAR,BÁSICO,Diversified Holdings,UBS,FOLLOW-ON,ICVM 400,4/12/2005,"R$ 0,04",13/04/05,  1.466 ,  1.817 ,  47.218.028 ,  314.786.853 ,  362.004.881 ,  141.419.205 ,8%,14%,75%,3%,,,,,
,GOL,N2,Civil Aviation,Santander,FOLLOW-ON,ICVM 400,4/27/2005,"R$ 35,12",28/04/05,  2.379 ,  2.598 ,  271.330.482 ,  322.373.118 ,  593.703.600 ,  235.437.840 ,5%,15%,79%,1%,,,,,
,LOCALIZA,NM,Rental Cars,Credit Suisse,IPO,ICVM 400,5/19/2005,"R$ 11,50",23/05/05,  785 ,  958 ,  - ,  264.802.738 ,  264.802.738 ,  108.113.640 ,8%,4%,87%,1%,,,,,
,TAM S/A,N2,Civil Aviation,Pactual,IPO,ICVM 400,6/13/2005,"R$ 18,00",14/06/05,  1.171 ,  1.647 ,  383.942.160 ,  164.546.640 ,  548.488.800 ,  225.948.012 ,9%,16%,74%,1%,,,,,
,AES TIETE,BÁSICO,Eletric Utilities,Credit Suisse,FOLLOW-ON,ICVM 400,6/14/2005,"R$ 0,04",15/06/05,  657 ,  1.139 ,  - ,  1.059.840.084 ,  1.059.840.084 ,  433.383.800 ,2%,18%,80%,0%,,,,,
,LOJAS RENNER,NM,"Textiles, Apparel and Footwear",Credit Suisse,FOLLOW-ON,ICVM 400,6/29/2005,"R$ 37,00",01/07/05,  106 ,  448 ,  343.138.259 ,  542.890.492 ,  886.028.751 ,  377.692.464 ,2%,12%,86%,0%,,,,,
,ENERGIAS BR,NM,Eletric Utilities,UBS,IPO,ICVM 400,7/12/2005,"R$ 18,00",13/07/05,  460 ,  1.473 ,  1.170.132.696 ,  14.570.028 ,  1.184.702.724 ,  504.515.256 ,1%,15%,26%,57%,,,,,
,OHL BRASIL,NM,Road Concessions,Unibanco,IPO,ICVM 400,7/13/2005,"R$ 18,00",15/07/05,  1.057 ,  1.367 ,  135.000.000 ,  360.999.990 ,  495.999.990 ,  211.721.514 ,8%,21%,70%,1%,,,,,
,UNIBANCO,N1,Banks,Unibanco,FOLLOW-ON,ICVM 400,9/13/2005,"R$ 20,49",14/09/05,  932 ,  1.415 ,  - ,  1.765.197.436 ,  1.765.197.436 ,  757.595.466 ,3%,15%,80%,1%,,,,,
,BRADESPAR,N1,Diverse Holdings,Credit Suisse,FOLLOW-ON,ICVM 400,9/14/2005,"R$ 53,00",15/09/05,  823 ,  1.289 ,  - ,  505.059.260 ,  505.059.260 ,  219.476.473 ,9%,24%,67%,1%,,,,,
,CYRELA REALT,NM,Residential Builing Construction,Credit Suisse,FOLLOW-ON,ICVM 400,9/20/2005,"R$ 15,00",22/09/05,  1.574 ,  2.025 ,  629.175.000 ,  273.000.000 ,  902.175.000 ,  396.525.580 ,8%,19%,72%,1%,,,,,
,NOSSA CAIXA,NM,Banks,UBS,IPO,ICVM 400,10/26/2005,"R$ 31,00",28/10/05,  7.342 ,  8.983 ,  - ,  953.955.994 ,  953.955.994 ,  418.546.775 ,7%,22%,71%,1%,,,,,
,COSAN,NM,Food,Morgan Stanley,IPO,ICVM 400,11/16/2005,"R$ 48,00",18/11/05,  8.835 ,  10.359 ,  885.767.328 ,  - ,  885.767.328 ,  399.228.074 ,8%,18%,72%,1%,,,,,
,TRACTEBEL,NM,Eletric Utilities,UBS,FOLLOW-ON,ICVM 400,12/7/2005,"R$ 13,00",09/12/05,  6.351 ,  7.405 ,  - ,  1.051.700.000 ,  1.051.700.000 ,  468.546.734 ,8%,36%,55%,1%,,,,,
,UOL,N2, Services and Programs,Merrill Lynch,IPO,ICVM 400,12/14/2005,"R$ 18,00",16/12/05,  12.890 ,  14.346 ,  322.972.416 ,  301.708.170 ,  624.680.586 ,  267.460.432 ,7%,21%,71%,1%,,,,,
,IOCHP-MAXION,N1,Road Equipment,Unibanco,FOLLOW-ON,ICVM 400,1/31/2006,"R$ 19,25",02/02/06,  6.870 ,  7.577 ,  - ,  340.203.787 ,  340.203.787 ,  153.127.689 ,12%,44%,42%,3%,,,,,
,COPASA,NM,Water Utilities,Unibanco,IPO,ICVM 400,2/6/2006,"R$ 23,50",08/02/06,  15.465 ,  17.214 ,  813.461.524 ,  - ,  813.461.524 ,  370.496.231 ,7%,18%,74%,1%,,,,,
,VIVAX,N2,Pay-TV,Itaú BBA,IPO,ICVM 400,2/6/2006,"R$ 24,50",08/02/06,  7.730 ,  9.017 ,  58.800.000 ,  470.400.000 ,  529.200.000 ,  241.027.510 ,8%,23%,69%,1%,,,,,
,ROSSI RESID,NM,Residential Construction ,Credit Suisse,FOLLOW-ON,ICVM 400,2/13/2006,"R$ 25,00",15/02/06,  3.348 ,  3.989 ,  762.500.000 ,  250.000.000 ,  1.012.500.000 ,  472.358.293 ,7%,12%,80%,0%,,,,,
,GAFISA,NM,Residential Construction ,Merrill Lynch,IPO,ICVM 400,2/16/2006,"R$ 18,50",17/02/06,  13.753 ,  15.560 ,  494.394.000 ,  432.594.750 ,  926.988.750 ,  437.547.791 ,9%,18%,72%,1%,,,,,
,COMPANY,NM,Residential Construction ,ABN Amro,IPO,ICVM 400,2/23/2006,"R$ 16,00",02/03/06,  12.903 ,  13.701 ,  208.000.000 ,  73.600.000 ,  281.600.000 ,  133.245.008 ,9%,27%,64%,0%,,,,,
,TOTVS,NM,Services and Programs,Itaú BBA,IPO,ICVM 400,3/7/2006,"R$ 32,00",09/03/06,  16.017 ,  17.600 ,  344.800.000 ,  115.200.000 ,  460.000.000 ,  212.962.963 ,9%,21%,69%,0%,,,,,
,TAM S/A,N2,Civil Aviation,Pactual,FOLLOW-ON,ICVM 400,3/9/2006,"R$ 42,00",10/03/06,  3.510 ,  3.891 ,  273.162.918 ,  1.285.960.116 ,  1.559.123.034 ,  728.562.165 ,4%,19%,77%,0%,,,,,
,DASA,NM,Medical Products,UBS,FOLLOW-ON,ICVM 400,3/22/2006,"R$ 49,00",24/03/06,  2.063 ,  2.308 ,  185.955.000 ,  476.428.274 ,  662.383.274 ,  306.658.923 ,4%,11%,85%,1%,,,,,
,EQUATORIAL,N2,Eletric Utilities,Credit Suisse,IPO,ICVM 400,3/30/2006,"R$ 14,50",03/04/06,  7.365 ,  7.886 ,  185.600.000 ,  354.670.000 ,  540.270.000 ,  251.288.372 ,9%,14%,77%,0%,,,,,
,SARAIVA LIVR,N2,"Papers, Books and Magazines",Santander,FOLLOW-ON,ICVM 400,4/11/2006,"R$ 22,00",13/04/06,  5.976 ,  6.226 ,  66.000.000 ,  116.599.230 ,  182.599.230 ,  85.326.743 ,8%,17%,75%,0%,,,,,
,DURATEX,N1,Wood,Itaú BBA,FOLLOW-ON,ICVM 400,4/11/2006,"R$ 43,50",13/04/06,  4.291 ,  4.842 ,  195.750.000 ,  413.250.000 ,  609.000.000 ,  284.579.439 ,6%,15%,46%,32%,,,,,
,SUBMARINO,NM,Diversified Products,Credit Suisse,FOLLOW-ON,ICVM 400,4/12/2006,"R$ 53,75",17/04/06,  - ,  140 ,  291.506.030 ,  637.570.890 ,  929.076.920 ,  435.450.375 ,0%,10%,90%,0%,,,,,
,LOCALIZA,NM,Rental Cars,Pactual,FOLLOW-ON,ICVM 400,4/19/2006,"R$ 41,00",20/04/06,  2.514 ,  2.959 ,  156.825.000 ,  237.214.274 ,  394.039.274 ,  185.552.493 ,8%,17%,74%,1%,,,,,
,ABNOTE,NM,Diversified Services,UBS,IPO,ICVM 400,4/25/2006,"R$ 17,00",27/04/06,  15.132 ,  16.861 ,  - ,  480.434.790 ,  480.434.790 ,  227.694.213 ,8%,21%,70%,1%,,,,,
,RANDON PART,N1,Road Equipment,Santander,FOLLOW-ON,ICVM 400,4/26/2006,"R$ 8,25",28/04/06,  4.084 ,  4.335 ,  99.000.000 ,  136.200.207 ,  235.200.207 ,  112.535.984 ,11%,23%,54%,12%,,,,,
,CSU CARDSYST,NM,Diversified Services,Credit Suisse,IPO,ICVM 400,4/27/2006,"R$ 18,00",02/05/06,  14.362 ,  15.585 ,  100.288.746 ,  240.683.832 ,  340.972.578 ,  164.721.052 ,9%,16%,72%,4%,,,,,
,BRASILAGRO,NM,Real Estate,Credit Suisse,IPO,ICVM 400,4/27/2006,"R$ 1.000,00",02/05/06,  3 ,  39 ,  583.200.000 ,  - ,  583.200.000 ,  281.739.130 ,0%,3%,82%,14%,,,,,
,LUPATECH,NM,"Engines, Compressors and Others",Pactual,IPO,ICVM 400,5/11/2006,"R$ 22,00",15/05/06,  11.198 ,  12.203 ,  155.048.652 ,  297.691.372 ,  452.740.024 ,  207.678.910 ,8%,19%,73%,0%,,,,,
,GP INVEST ¹,BDR,Diversified Holdings,Credit Suisse,IPO,ICVM 400,5/30/2006,"R$ 34,27",01/06/06,  2.356 ,  2.524 ,  705.980.849 ,  - ,  705.980.849 ,  311.004.779 ,4%,17%,76%,3%,,,,,
,DATASUL,NM,Services and Programs,UBS,IPO,ICVM 400,5/31/2006,"R$ 18,00",02/06/06,  5.470 ,  5.973 ,  150.697.674 ,  166.314.834 ,  317.012.508 ,  140.271.021 ,14%,13%,72%,2%,,,,,
,PORTO SEGURO,NM,Insurance,Pactual,FOLLOW-ON,ICVM 400,6/13/2006,"R$ 33,50",14/06/06,  272 ,  350 ,  - ,  201.000.000 ,  201.000.000 ,  87.984.242 ,3%,43%,54%,0%,,,,,
,BRASIL,NM,Banks,BB Investimentos,FOLLOW-ON,ICVM 400,6/26/2006,"R$ 43,50",28/06/06,  48.602 ,  52.923 ,  - ,  2.273.208.950 ,  2.273.208.950 ,  1.021.207.974 ,28%,19%,51%,3%,,,,,
,CYRELA REALT,NM,Residential Builing Construction,Credit Suisse,FOLLOW-ON,ICVM 400,7/19/2006,"R$ 29,50",21/07/06,  1.283 ,  1.778 ,  728.650.000 ,  109.297.500 ,  837.947.500 ,  386.150.922 ,4%,20%,75%,0%,,,,,
,MMX MINER,NM,Metallic Minerals,Pactual,IPO,ICVM 400,7/20/2006,"R$ 815,00",24/07/06,  17 ,  110 ,  1.118.895.570 ,  - ,  1.118.895.570 ,  510.911.219 ,0%,11%,76%,13%,,,,,
,ABYARA,NM,Residential Construction ,Morgan Stanley,IPO,ICVM 400,7/25/2006,"R$ 25,00",27/07/06,  6 ,  37 ,  163.770.250 ,  - ,  163.770.250 ,  74.780.936 ,1%,4%,83%,12%,,,,,
,CESP,N1,Eletric Utilities,UBS,FOLLOW-ON,ICVM 400,7/27/2006,"R$ 0,01",28/07/06,  3.036 ,  4.049 ,  3.200.000.000 ,  - ,  3.200.000.000 ,  1.474.654.378 ,2%,25%,30%,42%,,,,,
,MEDIAL SAUDE,NM,Medical Products,Credit Suisse,IPO,ICVM 400,9/20/2006,"R$ 21,50",22/09/06,  3.061 ,  3.596 ,  474.075.000 ,  268.212.328 ,  742.287.328 ,  335.876.619 ,7%,17%,76%,1%,,,,,
,ELETROPAULO,N2,Eletric Utilities,Credit Suisse,FOLLOW-ON,ICVM 400,9/21/2006,"R$ 0,09",25/09/06,  3.660 ,  4.478 ,  - ,  1.345.481.065 ,  1.345.481.065 ,  608.814.962 ,9%,30%,60%,1%,,,,,
,KLABINSEGALL,NM,Residential Construction ,Deutsche Bank,IPO,ICVM 400,10/5/2006,"R$ 15,00",09/10/06,  4.624 ,  5.131 ,  360.573.750 ,  166.773.750 ,  527.347.500 ,  244.142.361 ,9%,26%,65%,0%,,,,,
,SANTOS BRAS,N2,Warehousing Support Services,Credit Suisse,IPO,ICVM 400,10/10/2006,"R$ 23,00",13/10/06,  4.209 ,  4.873 ,  924.968.759 ,  8.433.341 ,  933.402.100 ,  436.169.206 ,8%,14%,77%,0%,,,,,
,M.DIASBRANCO,NM,Food,Pactual,IPO,ICVM 400,10/16/2006,"R$ 21,00",18/10/06,  3.363 ,  3.737 ,  - ,  410.766.300 ,  410.766.300 ,  192.848.028 ,8%,20%,71%,1%,,,,,
,BRASCAN RES,NM,Residential Construction ,Credit Suisse,IPO,ICVM 400,10/26/2006,"R$ 25,00",23/10/06,  4.272 ,  4.735 ,  940.000.000 ,  248.000.000 ,  1.188.000.000 ,  555.140.187 ,7%,5%,87%,0%,,,,,
,PROFARMA,NM,Pharamceutical,Credit Suisse,IPO,ICVM 400,10/19/2006,"R$ 16,00",26/10/06,  4.514 ,  4.995 ,  310.500.000 ,  90.562.500 ,  401.062.500 ,  188.292.254 ,9%,21%,70%,0%,,,,,
,PERDIGAO S/A,NM,"Meat, Poultry and Others",Credit Suisse,FOLLOW-ON,ICVM 400,10/24/2006,"R$ 22,50",27/10/06,  4.212 ,  4.917 ,  800.000.000 ,  - ,  800.000.000 ,  375.586.854 ,7%,14%,47%,31%,,,,,
,TERNA PART,N2,Eletric Utilities,Itaú BBA,IPO,ICVM 400,10/25/2006,"R$ 21,00",27/10/06,  6.258 ,  7.326 ,  371.360.304 ,  255.310.209 ,  626.670.513 ,  294.211.508 ,8%,23%,65%,4%,,,,,
,ECODIESEL,NM,Exploration and/or Refining,Banco Fator,IPO,ICVM 400,11/9/2006,"R$ 12,00",22/11/06,  9.315 ,  9.841 ,  378.932.220 ,  - ,  378.932.220 ,  175.431.583 ,9%,23%,59%,9%,,,,,
,ODONTOPREV,NM,Medical Products,Itaú BBA,IPO,ICVM 400,11/29/2006,"R$ 28,00",01/12/06,  8.675 ,  9.772 ,  161.913.052 ,  360.118.192 ,  522.031.244 ,  240.900.436 ,9%,26%,63%,3%,,,,,
,POSITIVO INF,NM,Computers and Equipment,UBS,IPO,ICVM 400,12/7/2006,"R$ 23,50",11/12/06,  18.466 ,  19.543 ,  65.800.000 ,  538.312.150 ,  604.112.150 ,  282.506.617 ,9%,25%,64%,1%,,,,,
,SAO CARLOS,NM,Real Estate,Credit Suisse,FOLLOW-ON,ICVM 400,12/12/2006,"R$ 19,50",14/12/06,  6.445 ,  6.821 ,  341.250.000 ,  139.670.018 ,  480.920.018 ,  224.100.661 ,10%,10%,75%,5%,,,,,
,LOPES BRASIL,NM,Real Estate,UBS,IPO,ICVM 400,12/14/2006,"R$ 20,00",18/12/06,  9.803 ,  10.438 ,  - ,  474.720.000 ,  474.720.000 ,  221.108.524 ,11%,18%,71%,0%,,,,,
,DUFRYBRAS,BDR,Diversified Products,UBS,IPO,ICVM 400,12/18/2006,"R$ 26,84",20/12/06,  10.039 ,  10.805 ,  - ,  849.754.937 ,  849.754.937 ,  394.904.237 ,10%,21%,69%,0%,,,,,
,PDG REALT,NM,Residential Construction ,UBS,IPO,ICVM 400,1/24/2007,"R$ 14,00",26/01/07,  11.826 ,  12.422 ,  432.263.062 ,  216.131.538 ,  648.394.600 ,  303.555.524 ,9%,6%,84%,1%,,,,,
,RODOBENSIMOB,NM,Residential Construction ,JP Morgan,IPO,ICVM 400,1/29/2007,"R$ 19,50",31/01/07,  13.963 ,  14.782 ,  448.500.000 ,  - ,  448.500.000 ,  211.556.604 ,11%,22%,67%,0%,,,,,
,CC DES IMOB,NM,Residential Construction ,Credit Suisse,IPO,ICVM 400,1/29/2007,"R$ 14,50",31/01/07,  22.002 ,  23.552 ,  478.500.000 ,  43.499.986 ,  521.999.986 ,  245.681.736 ,13%,38%,48%,1%,,,,,
,TECNISA,NM,Residential Construction ,Credit Suisse,IPO,ICVM 400,1/30/2007,"R$ 13,00",01/02/07,  17.187 ,  18.216 ,  590.652.257 ,  200.650.827 ,  791.303.084 ,  372.430.500 ,10%,17%,59%,13%,,,,,
,IGUATEMI,NM,Real Estate,Santander,IPO,ICVM 400,2/5/2007,"R$ 30,00",07/02/07,  16.710 ,  18.100 ,  548.677.440 ,  - ,  548.677.440 ,  263.154.647 ,9%,18%,72%,0%,,,,,
,EMBRAER,NM,Aviation Equipment,JP Morgan,FOLLOW-ON,ICVM 400,2/6/2007,"R$ 21,35",08/02/07,  3.936 ,  4.278 ,  - ,  1.789.970.678 ,  1.789.970.678 ,  854.360.497 ,2%,10%,88%,0%,,,,,
,SUZANO PAPEL,N1,Pulp and Paper,Credit Suisse,FOLLOW-ON,ICVM 400,2/7/2007,"R$ 23,00",09/02/07,  2.866 ,  3.144 ,  - ,  543.696.011 ,  543.696.011 ,  259.508.382 ,10%,32%,58%,1%,,,,,
,SAO MARTINHO,NM,Sugar - Ethanol,UBS,IPO,ICVM 400,2/8/2007,"R$ 20,00",12/02/07,  24.369 ,  25.864 ,  260.000.000 ,  163.680.000 ,  423.680.000 ,  200.416.272 ,10%,28%,53%,8%,,,,,
,GVT HOLDING,NM,Fixed Line Communications,Credit Suisse,IPO,ICVM 400,2/14/2007,"R$ 18,00",16/02/07,  14.427 ,  15.645 ,  1.076.400.000 ,  - ,  1.076.400.000 ,  514.703.773 ,9%,15%,76%,0%,,,,,
,ANHANGUERA,N2,Education Services,Credit Suisse,IPO,ICVM 400,3/8/2007,"R$ 18,00",12/03/07,  13.593 ,  14.651 ,  426.825.000 ,  85.500.000 ,  512.325.000 ,  244.979.200 ,9%,15%,76%,0%,,,,,
,GAFISA,NM,Residential Construction ,Merrill Lynch,FOLLOW-ON,ICVM 400,3/15/2007,"R$ 26,00",16/03/07,  5.179 ,  5.527 ,  487.811.792 ,  683.493.174 ,  1.171.304.966 ,  560.084.620 ,2%,4%,93%,1%,,,,,
,JBS,NM,"Meat, Poultry and Others",JP Morgan,IPO,ICVM 400,3/27/2007,"R$ 8,00",29/03/07,  22.662 ,  23.690 ,  1.216.750.400 ,  400.000.000 ,  1.616.750.400 ,  787.122.882 ,9%,13%,74%,4%,,,,,
,PINE,N1,Banks,Credit Suisse,IPO,ICVM 400,3/28/2007,"R$ 19,00",02/04/07,  20.007 ,  20.668 ,  356.859.900 ,  160.328.365 ,  517.188.265 ,  252.656.700 ,9%,13%,78%,0%,,,,,
,EVEN,NM,Residential Construction ,Itaú BBA,IPO,ICVM 400,3/29/2007,"R$ 11,50",02/04/07,  11.251 ,  11.634 ,  460.000.000 ,  - ,  460.000.000 ,  224.719.101 ,10%,20%,53%,17%,,,,,
,BR MALLS PAR,NM,Real Estate,UBS,IPO,ICVM 400,4/2/2007,"R$ 15,00",05/04/07,  13.777 ,  14.518 ,  657.118.665 ,  - ,  657.118.665 ,  323.703.776 ,10%,22%,68%,0%,,,,,
,FER HERINGER,NM,Fertilizers,UBS,IPO,ICVM 400,4/10/2007,"R$ 17,00",12/04/07,  9.169 ,  9.770 ,  203.163.056 ,  146.414.302 ,  349.577.358 ,  172.205.595 ,11%,23%,65%,0%,,,,,
,JHSF PART,NM,Residential Construction ,Credit Suisse,IPO,ICVM 400,4/10/2007,"R$ 8,00",12/04/07,  4.524 ,  4.749 ,  432.400.000 ,  - ,  432.400.000 ,  213.004.926 ,9%,1%,89%,1%,,,,,
,METALFRIO,NM,Eletric Equipment,UBS,IPO,ICVM 400,4/11/2007,"R$ 19,00",13/04/07,  9.576 ,  9.970 ,  302.280.500 ,  150.670.000 ,  452.950.500 ,  224.232.921 ,9%,21%,57%,13%,,,,,
,INDS ROMI,NM,Machinery and Equipment,Itaú BBA,FOLLOW-ON,ICVM 400,4/11/2007,"R$ 15,00",13/04/07,  2.375 ,  2.668 ,  242.935.785 ,  239.571.885 ,  482.507.670 ,  238.865.183 ,5%,18%,44%,33%,,,,,
,BEMATECH,NM,Hardware and Equipments,Itaú BBA,IPO,ICVM 400,4/17/2007,"R$ 15,00",19/04/07,  8.629 ,  9.331 ,  270.000.030 ,  136.630.020 ,  406.630.050 ,  201.302.005 ,9%,20%,70%,1%,,,,,
,CR2,NM,Residential Construction ,Unibanco,IPO,ICVM 400,4/19/2007,"R$ 20,00",23/04/07,  2.755 ,  2.926 ,  307.575.000 ,  - ,  307.575.000 ,  151.514.778 ,7%,0%,0%,93%,,,,,
,AGRA INCORP,NM,Residential Construction ,Credit Suisse,IPO,ICVM 400,4/24/2007,"R$ 8,50",26/04/07,  5.328 ,  5.651 ,  752.348.515 ,  33.688.985 ,  786.037.500 ,  387.210.591 ,7%,25%,67%,0%,,,,,
,USIMINAS,BÁSICO,Steel Industry,Merrill Lynch,FOLLOW-ON,ICVM 400,4/25/2007,"R$ 110,00",27/04/07,  7.045 ,  7.789 ,  - ,  2.069.007.490 ,  2.069.007.490 ,  1.019.215.512 ,6%,24%,69%,0%,,,,,
,CREMER,NM,Pharmaceutical and Other Products,Merrill Lynch,IPO,ICVM 400,4/26/2007,"R$ 17,50",30/04/07,  9.370 ,  9.717 ,  210.000.000 ,  341.631.500 ,  551.631.500 ,  271.739.655 ,9%,16%,76%,0%,,,,,
,WILSON SONS,BDR,Warehouseing and storage,Credit Suisse,IPO,ICVM 400,4/26/2007,"R$ 23,77",30/04/07,  11.775 ,  12.393 ,  261.470.000 ,  444.499.000 ,  705.969.000 ,  347.767.980 ,7%,14%,74%,5%,,,,,
,SOFISA,N1,Banks,UBS,IPO,ICVM 400,4/25/2007,"R$ 12,00",02/05/07,  7.238 ,  7.521 ,  497.336.256 ,  7.207.728 ,  504.543.984 ,  244.924.264 ,9%,15%,76%,0%,,,,,
,TARPON,BDR,Asset Management and Investments,Credit Suisse,IPO,ICVM 400,5/29/2007,"R$ 22,00",31/05/07,  10.631 ,  10.949 ,  443.828.000 ,  - ,  443.828.000 ,  229.962.694 ,9%,3%,87%,1%,,,,,
,INPAR S/A,NM,Residential Construction ,Credit Suisse,IPO,ICVM 400,6/4/2007,"R$ 17,50",06/06/07,  9.532 ,  10.114 ,  756.000.000 ,  - ,  756.000.000 ,  385.714.286 ,8%,22%,70%,0%,,,,,
,PARANA,N1,Banks,UBS,IPO,ICVM 400,6/12/2007,"R$ 14,00",14/06/07,  8.491 ,  8.800 ,  529.200.000 ,  - ,  529.200.000 ,  274.196.891 ,11%,11%,78%,0%,,,,,
,SLC AGRICOLA,NM,Agriculture,Credit Suisse,IPO,ICVM 400,6/13/2007,"R$ 14,00",15/06/07,  9.623 ,  10.166 ,  308.000.000 ,  182.043.750 ,  490.043.750 ,  256.567.408 ,9%,21%,70%,0%,,,,,
,LOG-IN,NM,Marine and Water Transport,UBS,IPO,ICVM 400,6/18/2007,"R$ 14,25",21/06/07,  26.509 ,  28.172 ,  443.333.318 ,  404.913.337 ,  848.246.654 ,  441.795.132 ,9%,16%,75%,0%,,,,,
,EZTEC,NM,Residential Construction ,UBS,IPO,ICVM 400,6/19/2007,"R$ 11,00",22/06/07,  5.507 ,  5.802 ,  542.145.813 ,  - ,  542.145.813 ,  280.904.566 ,8%,23%,68%,1%,,,,,
,CRUZEIRO SUL,N1,Banks,UBS,IPO,ICVM 400,6/21/2007,"R$ 15,50",26/06/07,  4.188 ,  4.442 ,  439.695.785 ,  133.820.459 ,  573.516.244 ,  294.110.894 ,8%,1%,59%,31%,,,,,
,DAYCOVAL,N1,Banks,UBS,IPO,ICVM 400,6/26/2007,"R$ 17,00",29/06/07,  7.518 ,  8.014 ,  936.406.104 ,  156.067.684 ,  1.092.473.788 ,  566.048.595 ,9%,19%,70%,2%,,,,,
,MARFRIG,NM,"Meat, Poultry and Others",Merrill Lynch,IPO,ICVM 400,6/26/2007,"R$ 17,00",29/06/07,  4.899 ,  5.527 ,  654.065.548 ,  366.444.452 ,  1.020.510.000 ,  528.761.658 ,5%,27%,68%,0%,,,,,
,TEGMA,NM,Trucking,JP Morgan,IPO,ICVM 400,6/28/2007,"R$ 26,00",03/07/07,  6.714 ,  7.147 ,  290.228.506 ,  313.751.494 ,  603.980.000 ,  316.219.895 ,9%,32%,59%,0%,,,,,
,DROGASIL,NM,Medical Products,UBS,FOLLOW-ON,ICVM 400,6/28/2007,"R$ 15,00",03/07/07,  7.204 ,  7.676 ,  235.400.100 ,  157.290.300 ,  392.690.400 ,  205.597.068 ,10%,23%,67%,0%,,,,,
,INDUSVAL,N2,Banks,Credit Suisse,IPO,ICVM 400,7/10/2007,"R$ 17,50",12/07/07,  283 ,  348 ,  227.500.018 ,  25.060.753 ,  252.560.770 ,  134.340.835 ,8%,4%,88%,0%,,,,,
,REDECARD,NM,Diversified Financial Services,Unibanco,IPO,ICVM 400,7/11/2007,"R$ 27,00",13/07/07,  29.315 ,  31.297 ,  419.999.985 ,  4.222.694.700 ,  4.642.694.685 ,  2.482.724.430 ,9%,19%,72%,0%,,,,,
,INVEST TUR,NM,Real Estate,Credit Suisse,IPO,ICVM 400,7/12/2007,"R$ 1.000,00",16/07/07,  16 ,  114 ,  945.000.000 ,  - ,  945.000.000 ,  508.064.516 ,1%,6%,87%,6%,,,,,
,MINERVA,NM,"Meat, Poultry and Others",Credit Suisse,IPO,ICVM 400,7/18/2007,"R$ 18,50",20/07/07,  11.539 ,  12.115 ,  370.000.000 ,  74.000.000 ,  444.000.000 ,  238.709.677 ,10%,28%,62%,0%,,,,,
,PATAGONIA ¹,BDR,Banks,JP Morgan,IPO,ICVM 400,7/18/2007,"R$ 48,38",20/07/07,  2.830 ,  2.917 ,  7.619.850 ,  68.336.750 ,  75.956.600 ,  40.836.882 ,1%,2%,97%,0%,,,,,
,CIA HERING,NM,Apparel ,Itaú BBA,FOLLOW-ON,ICVM 400,7/19/2007,"R$ 11,00",23/07/07,  9.089 ,  9.404 ,  229.163.000 ,  82.500.000 ,  311.663.000 ,  168.977.987 ,8%,28%,63%,0%,,,,,
,MRV,NM,Residential Construction ,UBS,IPO,ICVM 400,7/19/2007,"R$ 26,00",23/07/07,  15.461 ,  16.745 ,  1.071.155.202 ,  122.244.798 ,  1.193.400.000 ,  647.039.688 ,8%,19%,73%,0%,,,,,
,KROTON,N2,Education Services,Morgan Stanley,IPO,ICVM 400,7/19/2007,"R$ 39,00",23/07/07,  11.158 ,  12.081 ,  395.695.287 ,  83.078.463 ,  478.773.750 ,  259.582.385 ,9%,20%,70%,0%,,,,,
,GUARANI,NM,Sugar - Ethanol,UBS,IPO,ICVM 400,7/19/2007,"R$ 13,50",23/07/07,  12.229 ,  12.750 ,  665.758.062 ,  - ,  665.758.062 ,  360.961.864 ,11%,44%,45%,0%,,,,,
,TRIUNFO PART,NM,Toll Roads and Highways,Credit Suisse,IPO,ICVM 400,7/19/2007,"R$ 9,50",23/07/07,  7.067 ,  7.427 ,  304.438.720 ,  208.561.281 ,  513.000.000 ,  278.139.232 ,9%,17%,75%,0%,,,,,
,ABC BRASIL,N2,Banks,UBS,IPO,ICVM 400,7/23/2007,"R$ 13,50",25/07/07,  5.909 ,  6.364 ,  599.400.000 ,  9.450.000 ,  608.850.000 ,  327.338.710 ,11%,24%,65%,0%,,,,,
,SPRINGS,NM,"Fabric, Thread and Fibers",Credit Suisse,IPO,ICVM 400,7/25/2007,"R$ 19,00",27/07/07,  7.307 ,  7.592 ,  446.500.000 ,  209.000.000 ,  655.500.000 ,  343.193.717 ,6%,18%,37%,39%,,,,,
,PROVIDENCIA,NM,Other Materials,UBS,IPO,ICVM 400,7/25/2007,"R$ 15,00",27/07/07,  11.036 ,  11.615 ,  468.750.000 ,  - ,  468.750.000 ,  245.418.848 ,9%,23%,67%,0%,,,,,
,MULTIPLAN,N2,Real Estate,UBS,IPO,ICVM 400,7/25/2007,"R$ 25,00",27/07/07,  24.137 ,  25.531 ,  688.327.725 ,  236.200.650 ,  924.528.375 ,  484.046.270 ,10%,26%,64%,0%,,,,,
,GENERALSHOPP,NM,Real Estate,JP Morgan,IPO,ICVM 400,7/26/2007,"R$ 14,00",30/07/07,  4.966 ,  5.168 ,  286.728.400 ,  - ,  286.728.400 ,  152.515.106 ,10%,24%,66%,0%,,,,,
,ESTACIO PART,N2,Education Services,UBS,IPO,ICVM 400,7/26/2007,"R$ 22,50",30/07/07,  10.782 ,  11.320 ,  268.164.000 ,  178.776.000 ,  446.940.000 ,  237.734.043 ,9%,26%,64%,0%,,,,,
,BANRISUL,N1,Banks,Credit Suisse,FOLLOW-ON,ICVM 400,7/24/2007,"R$ 12,00",31/07/07,  13.220 ,  13.799 ,  799.999.992 ,  1.286.956.524 ,  2.086.956.516 ,  1.110.083.253 ,6%,7%,84%,3%,,,,,
,COSAN LTD ¹,BDR,Sugar - Ethanol,Morgan Stanley,IPO,ICVM 400,8/16/2007,"R$ 21,05",17/08/07,  1.560 ,  1.819 ,  275.016.440 ,  - ,  275.016.440 ,  134.811.980 ,1%,6%,93%,0%,,,,,
,SATIPEL,NM,Wood,UBS,IPO,ICVM 400,9/19/2007,"R$ 13,00",21/09/07,  6.756 ,  7.211 ,  227.766.344 ,  184.774.057 ,  412.540.401 ,  221.795.915 ,9%,22%,69%,0%,,,,,
,SUL AMERICA,N2,Insurance,Unibanco,IPO,ICVM 400,10/3/2007,"R$ 31,00",05/10/07,  19.047 ,  19.979 ,  775.000.000 ,  - ,  775.000.000 ,  428.176.796 ,9%,3%,87%,1%,,,,,
,BICBANCO,N1,Banks,UBS,IPO,ICVM 400,10/10/2007,"R$ 11,50",15/10/07,  5.158 ,  6.257 ,  492.915.645 ,  328.610.430 ,  821.526.075 ,  453.881.809 ,5%,9%,85%,2%,,,,,
,TRISUL,NM,Residential Construction ,Morgan Stanley,IPO,ICVM 400,10/11/2007,"R$ 11,00",15/10/07,  2.427 ,  2.713 ,  330.281.050 ,  - ,  330.281.050 ,  182.475.718 ,5%,4%,91%,0%,,,,,
,TENDA,NM,Residential Construction ,Itaú BBA,IPO,ICVM 400,10/10/2007,"R$ 9,00",15/10/07,  10.040 ,  10.636 ,  603.000.000 ,  - ,  603.000.000 ,  333.149.171 ,10%,22%,68%,0%,,,,,
,SEB,N2,Education Services,Credit Suisse,IPO,ICVM 400,10/16/2007,"R$ 33,00",18/10/07,  3.681 ,  3.875 ,  288.750.000 ,  123.750.000 ,  412.500.000 ,  227.900.552 ,6%,14%,80%,0%,,,,,
,BR MALLS PAR,NM,Real Estate,Itaú BBA,FOLLOW-ON,ICVM 400,10/17/2007,"R$ 25,00",19/10/07,  2.294 ,  2.643 ,  664.450.000 ,  - ,  664.450.000 ,  369.138.889 ,3%,8%,69%,20%,,,,,
,MARISA,NM,"Apparel, Fabric and Footwear",Credit Suisse,IPO,ICVM 400,10/18/2007,"R$ 10,00",22/10/07,  13.012 ,  13.733 ,  506.000.000 ,  - ,  506.000.000 ,  278.021.978 ,9%,27%,64%,0%,,,,,
,PDG REALT,NM,Residential Construction ,UBS,FOLLOW-ON,ICVM 400,10/22/2007,"R$ 25,00",23/10/07,  931 ,  1.062 ,  575.000.000 ,  - ,  575.000.000 ,  319.444.444 ,6%,25%,61%,9%,,,,,
,AGRENCO,BDR,Food Retailers,Credit Suisse,IPO,ICVM 400,10/23/2007,"R$ 10,40",25/10/07,  799 ,  908 ,  666.187.454 ,  - ,  666.187.454 ,  372.379.796 ,1%,3%,88%,9%,,,,,
,BOVESPA HLD,NM,Diversified Financial Services,Credit Suisse,IPO,ICVM 400,10/24/2007,"R$ 23,00",26/10/07,  63.929 ,  67.914 ,  - ,  6.625.520.875 ,  6.625.520.875 ,  3.733.108.449 ,9%,13%,78%,0%,,,,,
,BR BROKERS,NM,Real Estate,Credit Suisse,IPO,ICVM 400,10/25/2007,"R$ 950,00",29/10/07,  13 ,  130 ,  304.017.100 ,  395.087.900 ,  699.105.000 ,  397.218.750 ,1%,1%,98%,0%,,,,,
,AMIL,NM,Medical Products,Credit Suisse,IPO,ICVM 400,10/25/2007,"R$ 14,00",29/10/07,  4.340 ,  4.675 ,  994.700.000 ,  406.000.000 ,  1.400.700.000 ,  795.852.273 ,4%,16%,80%,0%,,,,,
,HELBOR,NM,Residential Construction ,Bradesco BBI,IPO,ICVM 400,10/24/2007,"R$ 11,00",29/10/07,  709 ,  845 ,  251.832.053 ,  - ,  251.832.053 ,  143.086.394 ,6%,35%,56%,3%,,,,,
,LAEP,BDR,Dairy Products,UBS,IPO,ICVM 400,10/26/2007,"R$ 7,50",31/10/07,  556 ,  706 ,  507.611.108 ,  - ,  507.611.108 ,  291.730.522 ,1%,27%,73%,0%,,,,,
,PANAMERICANO,N1,Banks,UBS,IPO,ICVM 400,11/13/2007,"R$ 10,00",19/11/07,  21.044 ,  21.792 ,  700.426.000 ,  - ,  700.426.000 ,  397.969.318 ,10%,22%,67%,0%,,,,,
,BMF,NM,Diversified Financial Services,Bradesco BBI,IPO,ICVM 400,11/28/2007,"R$ 20,00",30/11/07,  253.707 ,  260.946 ,  - ,  5.983.696.920 ,  5.983.696.920 ,  3.361.627.483 ,10%,12%,77%,0%,,,,,
,MPX ENERGIA,NM,Eletric Utilities,UBS,IPO,ICVM 400,12/12/2007,"R$ 1.006,63",14/12/07,  148 ,  325 ,  2.035.409.887 ,  - ,  2.035.409.887 ,  1.133.617.314 ,2%,9%,71%,18%,,,,,
,PERDIGAO S/A,NM,"Meat, Poultry and Others",Credit Suisse,FOLLOW-ON,ICVM 400,12/12/2007,"R$ 45,00",14/12/07,  13.888 ,  14.688 ,  933.489.000 ,  - ,  933.489.000 ,  519.904.762 ,10%,58%,26%,6%,,,,,
,BRASIL,NM,Banks,BB Investimentos,FOLLOW-ON,ICVM 400,12/13/2007,"R$ 29,25",17/12/07,  115.013 ,  122.023 ,  - ,  3.443.996.702 ,  3.443.996.702 ,  1.900.765.330 ,37%,17%,44%,3%,,,,,
,TEMPO PART,NM,Medical Products,UBS,IPO,ICVM 400,12/17/2007,"R$ 7,00",19/12/07,  3.791 ,  3.938 ,  393.750.000 ,  26.045.600 ,  419.795.600 ,  233.025.590 ,9%,7%,84%,1%,,,,,
,NUTRIPLANT,MA,Fertilizers,HSBC,IPO,ICVM 400,2/11/2008,"R$ 10,00",13/02/08,  1 ,  8 ,  20.701.000 ,  - ,  20.701.000 ,  11.859.639 ,37%,26%,11%,27%,,,,,
,GP INVEST ¹,BDR,Diversified Holdings,Credit Suisse,FOLLOW-ON,ICVM 400,2/22/2008,"R$ 59,00",26/02/08,  48 ,  159 ,  366.707.007 ,  - ,  366.707.007 ,  217.269.230 ,5%,7%,88%,0%,,,,,
,REDECARD,NM,Diversified Financial Services,Citi,FOLLOW-ON,ICVM 400,3/12/2008,"R$ 26,00",14/03/08,  7.218 ,  7.714 ,  - ,  1.216.703.202 ,  1.216.703.202 ,  718.115.565 ,8%,12%,80%,0%,,,,,
,HYPERMARCAS,NM,Diversified Products,Citi,IPO,ICVM 400,4/16/2008,"R$ 17,00",18/04/08,  12.933 ,  13.465 ,  612.390.099 ,  - ,  612.390.099 ,  366.700.658 ,10%,2%,85%,3%,,,,,
,ANHANGUERA,N2,Education Services,Credit Suisse,FOLLOW-ON,ICVM 400,4/22/2008,"R$ 26,00",23/04/08,  1.064 ,  1.207 ,  508.300.000 ,  - ,  508.300.000 ,  304.371.257 ,4%,0%,96%,0%,,,,,
,COPASA,NM,Water Utilities,BB Investimentos,FOLLOW-ON,ICVM 400,4/23/2008,"R$ 24,50",25/04/08,  747 ,  939 ,  - ,  460.024.765 ,  460.024.765 ,  275.463.931 ,2%,20%,77%,0%,,,,,
,GERDAU,N1,Steel Industry,Itaú BBA,FOLLOW-ON,ICVM 400,4/24/2008,"R$ 60,30",28/04/08,  9.770 ,  10.800 ,  2.900.252.959 ,  - ,  2.900.252.959 ,  1.736.678.419 ,9%,12%,29%,50%,,,,,
,GERDAU MET,N1,Steel Industry,Itaú BBA,FOLLOW-ON,ICVM 400,4/24/2008,"R$ 78,35",28/04/08,  3.238 ,  3.907 ,  1.505.181.302 ,  - ,  1.505.181.302 ,  901.306.169 ,21%,36%,16%,27%,,,,,
,LE LIS BLANC,NM,"Apparel, Fabric and Footwear",Merrill Lynch,IPO,ICVM 400,4/25/2008,"R$ 6,75",29/04/08,  270 ,  318 ,  150.187.500 ,  - ,  150.187.500 ,  87.828.947 ,1%,1%,87%,11%,,,,,
,OGX PETROLEO,NM,Exploration and/or Refining,UBS,IPO,ICVM 400,6/11/2008,"R$ 1.131,00",13/06/08,  1.308 ,  2.560 ,  6.711.662.763 ,  - ,  6.711.662.763 ,  4.101.480.544 ,8%,8%,63%,20%,,,,,
,SLC AGRICOLA,NM,Agriculture,Credit Suisse,FOLLOW-ON,ICVM 400,6/25/2008,"R$ 27,50",27/06/08,  2.860 ,  3.076 ,  258.431.250 ,  110.756.223 ,  369.187.473 ,  229.308.989 ,8%,12%,78%,1%,,,,,
,VALE R DOCE,N1,Metallic Minerals,Credit Suisse,FOLLOW-ON,ICVM 400,7/16/2008,"R$ 43,58",18/07/08,  29.608 ,  32.392 ,  19.434.193.129 ,  - ,  19.434.193.129 ,  12.222.762.974 ,5%,14%,39%,42%,,,,,
,REDECARD,NM,Diversified Financial Services,Citi,FOLLOW-ON,ICVM 400,3/24/2009,"R$ 24,50",26/03/09,  2.604 ,  3.435 ,  - ,  2.212.895.370 ,  2.212.895.370 ,  989.003.517 ,4%,8%,87%,0%,,,,,
,MRV,NM,Residential Construction ,UBS,FOLLOW-ON,ICVM 400,6/23/2009,"R$ 24,50",25/06/09,  1.310 ,  1.880 ,  595.350.000 ,  126.787.500 ,  722.137.500 ,  366.567.259 ,7%,23%,70%,0%,,,,,
,VISANET,NM,Diversified Financial Services,Bradesco BBI,IPO,ICVM 400,6/25/2009,"R$ 15,00",29/06/09,  49.037 ,  52.943 ,  - ,  8.397.208.920 ,  8.397.208.920 ,  4.309.133.740 ,8%,15%,57%,21%,,,,,
,BR MALLS PAR,NM,Real Estate,Itaú BBA,FOLLOW-ON,ICVM 400,7/1/2009,"R$ 15,00",03/07/09,  2.716 ,  3.397 ,  454.270.140 ,  381.586.905 ,  835.857.045 ,  429.216.928 ,8%,12%,79%,0%,,,,,
,LIGHT S/A,NM,Eletric Utilities,Itaú BBA,FOLLOW-ON,ICVM 400,7/13/2009,"R$ 24,00",15/07/09,  4.294 ,  4.871 ,  - ,  772.091.520 ,  772.091.520 ,  391.845.067 ,18%,34%,47%,1%,,,,,
,HYPERMARCAS,NM,Diversified Products,Citi,FOLLOW-ON,ICVM 400,7/14/2009,"R$ 23,00",16/07/09,  3.899 ,  4.442 ,  563.500.000 ,  230.000.000 ,  793.500.000 ,  408.599.382 ,9%,11%,80%,0%,,,,,
,BRF FOODS,NM,"Meat, Poultry and Others",UBS,FOLLOW-ON,ICVM 400,7/21/2009,"R$ 40,00",23/07/09,  13.211 ,  14.783 ,  5.290.000.000 ,  - ,  5.290.000.000 ,  2.779.967.418 ,6%,22%,32%,41%,,,,,
,NATURA,NM,Personal Hygiene,Itaú BBA,FOLLOW-ON,ICVM 400,7/30/2009,"R$ 26,50",03/08/09,  6.237 ,  6.944 ,  - ,  1.505.104.892 ,  1.505.104.892 ,  803.751.411 ,9%,26%,59%,6%,,,,,
,TIVIT,NM,Services and Programs,Credit Suisse,IPO,ICVM 400,9/24/2009,"R$ 15,00",28/09/09,  5.774 ,  6.191 ,  - ,  574.566.690 ,  574.566.690 ,  320.807.755 ,9%,6%,85%,0%,,,,,
,MULTIPLAN,N2,Real Estate,BTG Pactual,FOLLOW-ON,ICVM 400,9/24/2009,"R$ 26,50",28/09/09,  5.318 ,  6.050 ,  792.350.000 ,  - ,  792.350.000 ,  442.406.477 ,8%,14%,74%,4%,,,,,
,ROSSI RESID,NM,Residential Construction ,Credit Suisse,FOLLOW-ON,ICVM 400,10/1/2009,"R$ 12,50",05/10/09,  4.342 ,  4.825 ,  928.125.000 ,  - ,  928.125.000 ,  525.165.507 ,8%,19%,73%,0%,,,,,
,PDG REALT,NM,Residential Construction ,BTG Pactual,FOLLOW-ON,ICVM 400,10/1/2009,"R$ 14,00",05/10/09,  2.521 ,  3.287 ,  784.000.000 ,  274.400.000 ,  1.058.400.000 ,  598.879.647 ,8%,19%,73%,0%,,,,,
,SANTANDER BR ¹,N2,Banks,Santander,IPO,ICVM 400,10/6/2009,"R$ 23,50",07/10/09,  74.132 ,  101.673 ,  13.182.457.728 ,  - ,  13.182.457.728 ,  7.492.161.255 ,8%,10%,80%,1%,,,,,
,GOL ¹,N2,Civil Aviation,Itaú BBA,FOLLOW-ON,ICVM 400,10/8/2009,"R$ 16,50",13/10/09,  3.588 ,  3.986 ,  627.082.500 ,  399.052.500 ,  1.026.135.000 ,  590.105.814 ,5%,45%,49%,2%,,,,,
,BROOKFIELD,NM,Residential Construction ,Itaú BBA,FOLLOW-ON,ICVM 400,10/20/2009,"R$ 6,80",22/10/09,  5.833 ,  6.519 ,  562.700.000 ,  102.000.000 ,  664.700.000 ,  381.135.321 ,9%,42%,43%,5%,,,,,
,CCR RODOVIAS,NM,Road Concessions,Itaú BBA,FOLLOW-ON,ICVM 400,10/21/2009,"R$ 33,00",23/10/09,  4.930 ,  5.612 ,  1.263.735.000 ,  - ,  1.263.735.000 ,  738.464.910 ,9%,22%,69%,0%,,,,,
,IGUATEMI,NM,Real Estate,Itaú BBA,FOLLOW-ON,ICVM 400,10/22/2009,"R$ 28,50",26/10/09,  3.563 ,  3.847 ,  410.400.000 ,  - ,  410.400.000 ,  239.202.658 ,9%,33%,58%,0%,,,,,
,CETIP,NM,Diversified Financial Services,Itaú BBA,IPO,ICVM 400,10/26/2009,"R$ 13,00",28/10/09,  5.058 ,  5.437 ,  - ,  772.991.934 ,  772.991.934 ,  443.051.490 ,10%,5%,84%,0%,,,,,
,CYRELA REALT,NM,Residential Builing Construction,Credit Suisse,FOLLOW-ON,ICVM 400,10/27/2009,"R$ 22,00",29/10/09,  5.170 ,  5.766 ,  1.182.500.000 ,  - ,  1.182.500.000 ,  678.194.540 ,8%,2%,72%,17%,,,,,
,MARFRIG,NM,"Meat, Poultry and Others",Bradesco BBI,FOLLOW-ON,ICVM 400,11/11/2009,"R$ 19,00",12/11/09,  5 ,  2.644 ,  1.501.760.000 ,  - ,  1.501.760.000 ,  870.585.507 ,1%,27%,48%,24%,,,,,
,DIRECIONAL,NM,Residential Construction ,Santander,IPO,ICVM 400,11/17/2009,"R$ 10,50",19/11/09,  588 ,  661 ,  273.999.999 ,  - ,  273.999.999 ,  158.500.607 ,7%,7%,64%,21%,,,,,
,ENERGIAS BR,NM,Eletric Utilities,Bradesco BBI,FOLLOW-ON,ICVM 400,11/24/2009,"R$ 28,50",26/11/09,  1.109 ,  1.551 ,  - ,  441.750.000 ,  441.750.000 ,  253.748.061 ,9%,32%,58%,0%,,,,,
,ANHANGUERA,N2,Education Services,Itaú BBA,FOLLOW-ON,ICVM 400,12/8/2009,"R$ 22,50",10/12/09,  1.487 ,  1.924 ,  - ,  750.375.000 ,  750.375.000 ,  425.696.375 ,9%,12%,79%,0%,,,,,
,FLEURY,NM,Medical Products,Bradesco BBI,IPO,ICVM 400,12/15/2009,"R$ 16,00",17/12/09,  4.631 ,  5.176 ,  630.233.120 ,  - ,  630.233.120 ,  353.606.643 ,9%,16%,75%,0%,,,,,
,ALIANSCE,NM,Real Estate,BTG Pactual,IPO,ICVM 400,1/27/2010,"R$ 9,00",29/01/10,  1.626 ,  1.892 ,  450.000.000 ,  193.500.000 ,  643.500.000 ,  343.236.612 ,7%,20%,73%,0%,,,,,
,INPAR S/A,NM,Residential Construction ,Credit Suisse,FOLLOW-ON,ICVM 400,2/2/2010,"R$ 3,20",04/02/10,  1.423 ,  1.612 ,  280.000.000 ,  - ,  280.000.000 ,  149.612.610 ,7%,25%,68%,0%,,,,,
,MULTIPLUS,NM,Loyalty Programs,BTG Pactual,IPO,ICVM 400,2/3/2010,"R$ 16,00",05/02/10,  1.167 ,  1.388 ,  692.384.000 ,  - ,  692.384.000 ,  369.212.393 ,4%,0%,82%,13%,,,,,
,PDG REALT,NM,Residential Construction ,Credit Suisse,FOLLOW-ON,ICVM 400,2/4/2010,"R$ 14,50",08/02/10,  2.802 ,  3.491 ,  - ,  1.618.891.462 ,  1.618.891.462 ,  864.330.732 ,10%,43%,47%,0%,,,,,
,BR PROPERT,NM,Real Estate,Itaú BBA,IPO,ICVM 400,3/4/2010,"R$ 13,00",08/03/10,  1.451 ,  1.831 ,  747.500.000 ,  186.888.000 ,  934.388.000 ,  524.171.435 ,4%,29%,65%,2%,,,,,
,OSX BRASIL ,NM,Machinery and Equipment,Credit Suisse,IPO,ICVM 400,3/18/2010,"R$ 800,00",22/03/10,  30 ,  184 ,  2.450.400.000 ,  - ,  2.450.400.000 ,  1.359.068.220 ,1%,2%,69%,28%,,,,,
,GAFISA ¹,NM,Residential Construction ,Itaú BBA,FOLLOW-ON,ICVM 400,3/23/2010,"R$ 12,50",25/03/10,  2.488 ,  2.910 ,  1.063.750.000 ,  - ,  1.063.750.000 ,  590.709.685 ,6%,32%,62%,0%,,,,,
,ECORODOVIAS,NM,Road Concessions,Itaú BBA,IPO,ICVM 400,3/30/2010,"R$ 9,50",01/04/10,  1.982 ,  2.647 ,  874.000.000 ,  494.028.500 ,  1.368.028.500 ,  772.853.794 ,5%,29%,51%,15%,,,,,
,HYPERMARCAS,NM,Diversified Products,Citi,FOLLOW-ON,ICVM 400,3/31/2010,"R$ 21,00",05/04/10,  2.697 ,  3.616 ,  1.232.616.000 ,  - ,  1.232.616.000 ,  701.426.051 ,8%,20%,72%,0%,,,,,
,MILLS,NM,Diversified Services,Itaú BBA,IPO,ICVM 400,4/14/2010,"R$ 11,50",16/04/10,  1.086 ,  1.358 ,  425.925.926 ,  259.814.808 ,  685.740.734 ,  390.557.429 ,3%,15%,77%,4%,,,,,
,EVEN,NM,Residential Construction ,Itaú BBA,FOLLOW-ON,ICVM 400,4/15/2010,"R$ 6,00",19/04/10,  2.156 ,  2.515 ,  326.000.004 ,  180.000.000 ,  506.000.004 ,  289.192.435 ,10%,33%,47%,10%,,,,,
,JULIO SIMOES,NM,Trucking,Bradesco BBI,IPO,ICVM 400,4/19/2010,"R$ 8,00",22/04/10,  726 ,  989 ,  477.902.824 ,  - ,  477.902.824 ,  271.135.155 ,3%,15%,65%,17%,,,,,
,JBS,NM,"Meat, Poultry and Others",BTG Pactual,FOLLOW-ON,ICVM 400,4/27/2010,"R$ 8,00",29/04/10,  3.378 ,  4.070 ,  1.600.000.000 ,  - ,  1.600.000.000 ,  923.734.195 ,9%,56%,34%,1%,,,,,
,BRASIL,NM,Banks,BB Investimentos,FOLLOW-ON,ICVM 400,6/30/2010,"R$ 24,65",02/07/10,  103.471 ,  113.502 ,  7.049.900.000 ,  2.711.500.000 ,  9.761.400.000 ,  5.488.557.773 ,16%,43%,39%,2%,,,,,
,RENOVA,N2,Eletric Utilities,Santander,IPO,ICVM 400,7/8/2010,"R$ 15,00",13/07/10,  579 ,  619 ,  160.707.000 ,  - ,  160.707.000 ,  91.701.569 ,9%,0%,2%,89%,,,,,
,PETROBRAS,BÁSICO,Exploration and/or Refining ,Bradesco BBI,FOLLOW-ON,ICVM 400,9/23/2010,"R$ 28,16",27/09/10,  104.109 ,  112.827 ,  120.248.558.770 ,  - ,  120.248.558.770 ,  70.320.794.603 ,3%,10%,20%,66%,,,,,
,ESTACIO PART,NM,Education Services,BTG Pactual,FOLLOW-ON,ICVM 400,9/30/2010,"R$ 19,00",04/10/10,  1.173 ,  1.701 ,  62.326.156 ,  623.261.560 ,  685.587.716 ,  406.105.743 ,9%,21%,70%,0%,,,,,
,HRT PETROLEO,NM,Exploration and/or Refining ,Credit Suisse,IPO,ICVM 400,10/21/2010,"R$ 1.200,00",25/10/10,  127 ,  646 ,  2.474.746.800 ,  6.253.200 ,  2.481.000.000 ,  1.457.183.132 ,2%,13%,85%,0%,,,,,
,LOPES BRASIL,NM,Real Estate,Itaú BBA,FOLLOW-ON,ICVM 400,10/21/2010,"R$ 37,51",25/10/10,  2.035 ,  2.215 ,  207.055.200 ,  - ,  207.055.200 ,  121.611.183 ,9%,26%,65%,0%,,,,,
,BR INSURANCE,NM,Insurance,Morgan Stanley,IPO,ICVM 400,10/28/2010,"R$ 1.350,00",01/11/10,  70 ,  472 ,  348.097.500 ,  296.527.500 ,  644.625.000 ,  378.212.274 ,5%,15%,80%,0%,,,,,
,ANHANGUERA,NM,Education Services,Itaú BBA,FOLLOW-ON,ICVM 400,12/9/2010,"R$ 36,70",13/12/10,  2.124 ,  2.484 ,  844.100.000 ,  - ,  844.100.000 ,  495.742.057 ,9%,16%,75%,0%,,,,,
,RAIA,NM,Pharmaceutical and Other Products,Itaú BBA,IPO,ICVM 400,12/16/2010,"R$ 24,00",20/12/10,  6.672 ,  7.477 ,  525.655.800 ,  129.041.880 ,  654.697.680 ,  383.267.580 ,9%,26%,65%,0%,,,,,
,AREZZO CO ,NM,"Apparel, Fabric and Footwear",Itaú BBA,IPO,ICVM 400,1/31/2011,"R$ 19,00",02/02/11,  8.992 ,  9.799 ,  195.588.242 ,  370.220.605 ,  565.808.847 ,  339.397.065 ,8%,22%,70%,0%,,,,,
,SIERRABRASIL ,NM,Real Estate,Credit Suisse,IPO,ICVM 400,2/1/2011,"R$ 20,00",03/02/11,  3.389 ,  3.739 ,  465.020.860 ,  - ,  465.020.860 ,  278.505.636 ,9%,35%,55%,0%,,,,,
,TECNISA ,NM,Residential Building Construction,Itaú BBA,FOLLOW-ON,ICVM 400,2/1/2011,"R$ 10,00",03/02/11,  2.391 ,  2.665 ,  398.305.000 ,  - ,  398.305.000 ,  238.548.841 ,9%,39%,51%,0%,,,,,
,AUTOMETAL ,NM,Transportation Equipment,Santander,IPO,ICVM 400,2/3/2011,"R$ 14,00",07/02/11,  3.545 ,  3.837 ,  440.752.200 ,  13.559.420 ,  454.311.620 ,  270.810.455 ,9%,14%,64%,14%,,,,,
,BR BROKERS ,NM,Property Agency,Credit Suisse,FOLLOW-ON,ICVM 400,2/3/2011,"R$ 7,90",07/02/11,  2.729 ,  2.874 ,  189.303.553 ,  - ,  189.303.553 ,  112.841.889 ,9%,10%,81%,0%,,,,,
,QGEP PART ,NM,Exploration And Refining,Itaú BBA,IPO,ICVM 400,2/7/2011,"R$ 19,00",09/02/11,  8.896 ,  9.722 ,  1.515.079.361 ,  - ,  1.515.079.361 ,  910.340.300 ,12%,15%,72%,1%,,,,,
,DIRECIONAL,NM,Residential Construction ,Itaú BBA,FOLLOW-ON,ICVM 400,2/9/2011,"R$ 11,00",11/02/11,  1.162 ,  1.336 ,  228.800.000 ,  79.200.000 ,  308.000.000 ,  184.663.349 ,11%,8%,81%,0%,,,,,
,MAGNESITA SA,NM,Other Materials,Itaú BBA,FOLLOW-ON,ICVM 400,2/11/2011,"R$ 8,25",15/02/11,  1.620 ,  1.822 ,  278.602.500 ,  - ,  278.602.500 ,  167.007.853 ,13%,34%,53%,0%,,,,,
,IMC HOLDINGS,NM,Restaurants And Similars,BTG Pactual,IPO,ICVM 400,3/3/2011,"R$ 13,50",09/03/11,  669 ,  775 ,  320.515.988 ,  133.079.733 ,  453.595.721 ,  273.927.001 ,3%,4%,93%,0%,,,,,
,TIME FOR FUN,NM,Entertainment,Credit Suisse,IPO,ICVM 400,4/11/2011,"R$ 16,00",13/04/11,  900 ,  1.041 ,  187.586.208 ,  315.476.128 ,  503.062.336 ,  317.109.390 ,4%,5%,91%,0%,,,,,
,GERDAU,N1,Steel Industry,BTG Pactual,FOLLOW-ON,ICVM 400,4/12/2011,"R$ 18,34",14/04/11,  10.579 ,  12.141 ,  3.719.719.767 ,  1.265.229.454 ,  4.984.949.221 ,  3.146.666.596 ,8%,30%,39%,24%,,,,,
,MAGAZ LUIZA,NM,Electronics And Household Appliance,Itaú BBA,IPO,ICVM 400,4/28/2011,"R$ 16,00",02/05/11,  34.496 ,  36.995 ,  583.911.472 ,  302.469.264 ,  886.380.736 ,  562.888.637 ,21%,30%,47%,2%,,,,,
,BR MALLS PAR ,NM,Real Estate,Itaú BBA,FOLLOW-ON,ICVM 400,5/10/2011,"R$ 17,20",12/05/11,  950 ,  1.486 ,  731.000.000 ,  - ,  731.000.000 ,  451.039.674 ,6%,23%,71%,0%,,,,,
,BR PHARMA,NM,Pharmaceutical and Other Products,BTG Pactual,IPO,ICVM 400,6/22/2011,"R$ 17,25",27/06/11,  141 ,  372 ,  414.000.000 ,  - ,  414.000.000 ,  259.252.301 ,10%,33%,56%,0%,,,,,
,QUALICORP,NM,Medical Products,BofA Merrill Lynch,IPO,ICVM 400,6/27/2011,"R$ 13,00",29/06/11,  807 ,  997 ,  353.852.577 ,  731.295.305 ,  1.085.147.882 ,  689.858.793 ,2%,8%,90%,0%,,,,,
,BR PROPERT ,NM,Real Estate,Itaú BBA,FOLLOW-ON,ICVM 400,6/28/2011,"R$ 17,15",30/06/11,  607 ,  951 ,  690.287.500 ,  - ,  690.287.500 ,  442.180.193 ,6%,25%,69%,1%,,,,,
,TECHNOS,NM,Accessories,Itaú BBA,IPO,ICVM 400,6/28/2011,"R$ 16,50",01/07/11,  586 ,  739 ,  180.608.109 ,  280.945.946 ,  461.554.055 ,  295.886.951 ,6%,39%,55%,0%,,,,,
,KROTON,N2,Education Services,Itaú BBA,FOLLOW-ON,ICVM 400,6/29/2011,"R$ 19,25",01/07/11,  413 ,  587 ,  380.229.850 ,  15.400.000 ,  395.629.850 ,  253.625.136 ,8%,20%,72%,0%,,,,,
,METAL LEVE,NM,Transportation Equipment,Itaú BBA,FOLLOW-ON,ICVM 400,6/30/2011,"R$ 41,00",05/07/11,  377 ,  619 ,  - ,  305.766.315 ,  305.766.315 ,  195.540.267 ,9%,41%,38%,12%,,,,,
,ENERGIAS BR,NM,Eletric Utilities,Santander,FOLLOW-ON,ICVM 400,7/7/2011,"R$ 37,00",11/07/11,  1.278 ,  1.816 ,  - ,  810.724.020 ,  810.724.020 ,  513.246.404 ,11%,29%,60%,0%,,,,,
,ABRIL EDUCA,N2,Books. Magazines And Newspapers,Credit Suisse,IPO,ICVM 400,7/21/2011,"R$ 20,00",26/07/11,  1.394 ,  1.604 ,  371.134.040 ,  - ,  371.134.040 ,  241.859.915 ,12%,36%,42%,10%,,,,,
,TIM PART S/A,NM,Mobile,Itaú BBA,FOLLOW-ON,ICVM 400,10/4/2011,"R$ 8,60",06/10/11,  650 ,  988 ,  1.722.221.965 ,  - ,  1.722.221.965 ,  950.663.482 ,2%,8%,21%,68%,,,,,
,QUALICORP,NM,Medical Products,Credit Suisse,FOLLOW-ON,ICVM 400,4/17/2012,"R$ 16,50",18/04/12,  731 ,  1.077 , - ,  758.544.452 ,  758.544.452 ,  405.768.937 ,6%,27%,66%,0%,,,,,
,LOCAMERICA,NM,Rental Cars,Itaú BBA,IPO,ICVM 400,4/19/2012,"R$ 9,00",23/04/12,  239 ,  391 ,  163.636.362 ,  109.343.196 ,  272.979.558 ,  144.709.265 ,5%,49%,46%,0%,,,,,
,FIBRIA,NM,Pulp and Paper,Itaú BBA,FOLLOW-ON,ICVM 400,4/24/2012,"R$ 15,83",25/04/12,  847 ,  949 ,  1.361.380.000 ,  - ,  1.361.380.000 ,  723.868.772 ,3%,6%,32%,59%,,,,,
,BTG PACTUAL,BÁSICO,Banks,BTG Pactual,IPO,ICVM 400,4/24/2012,"R$ 31,25",26/04/12,  6.122 ,  7.221 ,  2.587.500.000 ,  646.875.000 ,  3.234.375.000 ,  1.713.939.378 ,10%,14%,68%,9%,,,,,
,UNICASA,NM,Furniture,BTG Pactual,IPO,ICVM 400,4/25/2012,"R$ 14,00",27/04/12,  774 ,  1.040 ,  127.909.096 ,  297.687.082 ,  425.596.178 ,  225.756.513 ,4%,51%,45%,0%,,,,,
,BR PHARMA,NM,Pharmaceutical and Other Products,BTG Pactual,FOLLOW-ON,ICVM 400,6/21/2012,"R$ 9,25",25/06/12,  18 ,  384 ,  488.400.000 ,  64.750.000 ,  553.150.000 ,  266.990.057 ,0%,32%,45%,23%,,,,,
,SUZANO PAPEL,N1,Pulp and Paper,BTG Pactual,FOLLOW-ON,ICVM 400,6/27/2012,"R$ 4,00",29/06/12,  281 ,  484 ,  1.463.368.856 ,  - ,  1.463.368.856 ,  723.974.104 ,12%,16%,10%,62%,,,,,
,TAESA,N2,Eletric Utilities,BTG Pactual,FOLLOW-ON,ICVM 400,7/19/2012,"R$ 65,00",20/07/12,  1.547 ,  2.184 ,  1.755.000.000 ,  - ,  1.755.000.000 ,  867.652.148 ,4%,32%,55%,10%,,,,,
,MINERVA,NM,"Meat, Poultry and Others",BTG Pactual,FOLLOW-ON,ICVM 400,11/28/2012,"R$ 11,00",30/11/12,  1.142 ,  1.483 ,  415.391.900 ,  82.500.000 ,  497.891.900 ,  236.258.850 ,10%,42%,44%,5%,,,,,
,MARFRIG,NM,"Meat, Poultry and Others",Itaú BBA,FOLLOW-ON,ICVM 400,12/4/2012,"R$ 8,00",06/12/12,  2.439 ,  2.881 ,  1.050.000.000 ,  - ,  1.050.000.000 ,  503.935.496 ,3%,25%,54%,18%,,,,,
,EQUATORIAL,NM,Eletric Utilities,BTG Pactual,FOLLOW-ON,ICVM 400,12/7/2012,"R$ 16,00",10/12/12,  3.146 ,  3.554 ,  1.210.113.984 ,  210.454.608 ,  1.420.568.592 ,  682.637.478 ,7%,51%,42%,0%,,,,,
,ALIANSCE,NM,Real Estate,Itaú BBA,FOLLOW-ON,ICVM 400,12/12/2012,"R$ 23,25",14/12/12,  3.613 ,  3.998 ,  447.629.693 ,  - ,  447.629.693 ,  214.793.518 ,11%,36%,52%,0%,,,,,
,ESTACIO PART,NM,Education Services,Credit Suisse,FOLLOW-ON,ICVM 400,1/23/2013,"R$ 42,00",28/01/13,  6.213 ,  6.708 ,  616.858.200 ,  151.826.346 ,  768.684.546 ,  379.766.092 ,10%,34%,55%,0%,,,,,
,LINX,NM,Services and Programs,Credit Suisse,IPO,ICVM 400,2/6/2013,"R$ 27,00",08/02/13,  6.247 ,  6.923 ,  343.102.500 ,  184.747.500 ,  527.850.000 ,  268.817.478 ,11%,27%,62%,0%,,,,,
,SENIOR SOL,MA,Services and Programs,Banco Votorantim,IPO,ICVM 400,3/6/2013,"R$ 11,50",08/03/13,  1.221 ,  1.318 ,  39.655.163 ,  17.806.830 ,  57.461.993 ,  29.425.437 ,31%,45%,13%,11%,,,,,
,MULTIPLAN,N2,Real Estate,Credit Suisse,FOLLOW-ON,ICVM 400,3/27/2013,"R$ 58,00",01/04/13,  8.158 ,  8.887 ,  626.400.000 ,  - ,  626.400.000 ,  310.314.079 ,10%,25%,50%,15%,,,,,
,BIOSEV,NM,Sugar - Ethanol,BTG Pactual,IPO,ICVM 400,4/15/2013,"R$ 15,00",19/04/13,  890 ,  961 ,  700.000.005 ,  - ,  700.000.005 ,  348.449.403 ,2%,21%,77%,0%,,,,,
,BHG,NM,Hospitality,Itaú BBA,FOLLOW-ON,ICVM 400,4/18/2013,"R$ 17,50",22/04/13,  3.776 ,  3.963 ,  355.490.520 ,  - ,  355.490.520 ,  176.387.079 ,19%,20%,59%,2%,,,,,
,ALUPAR,N2,Eletric Utilities,Itaú BBA,IPO,ICVM 400,4/22/2013,"R$ 18,50",24/04/13,  4.935 ,  5.310 ,  821.226.100 ,  - ,  821.226.100 ,  405.663.950 ,15%,30%,55%,1%,,,,,
,ABRIL EDUCA,N2,"Papers, Books and Magazines",Itaú BBA,FOLLOW-ON,ICVM 400,4/24/2013,"R$ 45,00",26/04/13,  3.026 ,  3.269 ,  126.673.920 ,  395.222.535 ,  521.896.455 ,  259.404.769 ,12%,30%,54%,4%,,,,,
,BB SEGURIDADE,NM,Insurance,BB Investimentos,IPO,ICVM 400,4/25/2013,"R$ 17,00",29/04/13,  103.359 ,  114.335 ,  - ,  11.475.000.000 ,  11.475.000.000 ,  5.737.786.889 ,16%,23%,58%,3%,,,,,
,SMILES,NM,Loyalty Programs,Credit Suisse,IPO,ICVM 400,4/25/2013,"R$ 21,70",29/04/13,  3.655 ,  4.096 ,  1.132.173.890 ,  - ,  1.132.173.890 ,  566.115.251 ,9%,14%,40%,36%,,,,,
,IGUATEMI,NM,Real Estate,Itaú BBA,FOLLOW-ON,ICVM 400,6/4/2013,"R$ 23,50",06/06/13,  1.892 ,  2.082 ,  425.364.100 ,  - ,  425.364.100 ,  200.171.341 ,10%,21%,58%,11%,,,,,
,CPFL RENOVAV,NM,Electric Utilities,BofA Merrill Lynch,IPO,ICVM 400,7/17/2013,"R$ 12,51",19/07/13,  1.260 ,  1.321 ,  364.687.304 ,  549.999.998 ,  914.687.302 ,  408.999.867 ,3%,45%,25%,28%,,,,,
,TUPY,NM,Transportation Equipment,Citi,FOLLOW-ON,ICVM 400,10/16/2013,"R$ 17,50",18/10/13,  322 ,  517 ,  523.250.000 ,  - ,  523.250.000 ,  242.245.370 ,6%,40%,55%,0%,,,,,
,ANIMA,NM,Education Services,Itaú BBA,IPO,ICVM 400,10/24/2013,"R$ 18,50",28/10/13,  1.218 ,  1.487 ,  426.020.572 ,  78.036.349 ,  504.056.920 ,  231.218.771 ,9%,40%,51%,1%,,,,,
,SER EDUCA,NM,Education Services,BTG Pactual,IPO,ICVM 400,10/25/2013,"R$ 17,50",29/10/13,  1.059 ,  1.311 ,  309.714.090 ,  309.714.090 ,  619.428.180 ,  284.141.367 ,3%,39%,58%,0%,,,,,
,CVC BRASIL,NM,Travel And Tourism,Itaú BBA,IPO,ICVM 400,12/5/2013,"R$ 16,00",09/12/13,  2.316 ,  2.540 ,  - ,  541.465.600 ,  541.465.600 ,  233.390.345 ,9%,42%,48%,0%,,,,,
,VIAVAREJO,N2,Electronics And Household Appliance,Credit Suisse,FOLLOW-ON,ICVM 400,12/12/2013,"R$ 23,00",16/12/13,  1.431 ,  1.826 ,  - ,  2.845.030.632 ,  2.845.030.632 ,  1.226.306.307 ,1%,24%,75%,0%,,,,,
,OI¹,N1,Fixed Line Communications,BTG Pactual,FOLLOW-ON,ICVM 400,4/28/2014,"R$ 2,06",30/04/14,  3.429 ,  4.369 ,  13.959.899.999 ,  - ,  13.959.899.999 ,  6.243.246.869 ,1%,12%,41%,46%,,,,,
,OUROFINO S/A,NM,Pharmaceutical And Others Products,JP Morgan,IPO,ICVM 400,10/17/2014,"R$ 27,00",21/10/14,  2.570 ,  2.922 ,  106.442.289 ,  311.538.474 ,  417.980.763 ,  168.561.021 ,10%,22%,20%,48%,,,,,
,TELEF BRASIL¹,BÁSICO,Fixed Line Communications,Itaú BBA,FOLLOW-ON,ICVM 400,4/27/2015,"R$ 44,15",29/04/15,  956 ,  1.850 ,  16.107.285.059 ,  - ,  16.107.285.059 ,  5.483.331.084 ,0%,8%,70%,22%,,,,,
,PARCORRETORA,NM,Insurance,Bradesco BBI,IPO,ICVM 400,6/2/2015,"R$ 12,33",05/06/15,  3.693 ,  4.527 ,  - ,  602.800.014 ,  602.800.014 ,  190.253.760 ,10%,37%,52%,1%,,,,,
,VALID,NM,Diversified Services,Itaú BBA,FOLLOW-ON,ICVM 476,9/22/2015,"R$ 44,00",23/09/15,  42 ,  449 ,  396.000.000 ,  - ,  396.000.000 ,  96.488.877 ,1%,28%,70%,0%,,,,,
,GENERALSHOPP,NM,Real Estate,Santander,FOLLOW-ON,ICVM 476,9/14/2015,"R$ 3,99",01/10/15,  - ,  1 ,  57.932.406 ,  - ,  57.932.406 ,  14.558.076 ,0%,0%,0%,100%,,,,,
,GERDAU MET,N1,Steel Industry,BTG Pactual,FOLLOW-ON,ICVM 476,11/17/2015,"R$ 1,80",19/11/15,  225 ,  558 ,  900.000.000 ,  - ,  900.000.000 ,  240.371.775 ,4%,35%,25%,36%,,,,,
,BR PHARMA,NM,Pharmaceutical and Other Products,BTG Pactual,FOLLOW-ON,ICVM 476,1/19/2016,"R$ 3,78",02/02/16,  - ,  1 ,  400.000.001 ,  - ,  400.000.001 ,  100.250.627 ,0%,0%,0%,100%,,,,,
,MERC INVEST,BÁSICO,Banks,Banco Votorantim,FOLLOW-ON,ICVM 476,3/10/2016,"R$ 0,33",11/03/16,  - ,  5 ,  190.474.337 ,  - ,  190.474.337 ,  52.514.223 ,0%,0%,0%,100%,,,,,
,RUMO LOG,NM,Railroad Transportation,Santander,FOLLOW-ON,ICVM 476,4/7/2016,"R$ 2,50",08/04/16,  30 ,  407 ,  2.600.000.000 ,  - ,  2.600.000.000 ,  714.580.184 ,0%,12%,48%,41%,,,,,
,FRAS-LE,N1,Road Material,Santander,FOLLOW-ON,ICVM 476,4/8/2016,"R$ 3,24",25/04/16,  15 ,  60 ,  300.000.001 ,  - ,  300.000.001 ,  84.573.749 ,2%,42%,3%,53%,,,,,
,ENERGISA,N2,Electric Utilities,Citi,FOLLOW-ON,ICVM 400,7/27/2016,"R$ 18,50",28/07/16,  1.824 ,  2.560 ,  1.535.962.500 ,  - ,  1.535.962.500 ,  469.139.432 ,10%,35%,54%,1%,,,,,
,CVC BRASIL,NM,Travel And Tourism,BofA Merrill Lynch,FOLLOW-ON,ICVM 476,8/10/2016,"R$ 20,50",16/08/16,  2 ,  714 ,  - ,  1.230.000.000 ,  1.230.000.000 ,  387.413.777 ,0%,34%,65%,1%,,,,,
,LINX,NM,Services and Programs,BTG Pactual,FOLLOW-ON,ICVM 476,9/26/2016,"R$ 18,50",28/09/16,  1 ,  342 ,  444.000.000 ,  - ,  444.000.000 ,  136.716.344 ,0%,29%,71%,0%,,,,,
,TAESA,N2,Eletric Utilities,BofA Merrill Lynch,FOLLOW-ON,ICVM 476,10/18/2016,"R$ 19,65",24/10/16,  - ,  684 ,  - ,  1.291.048.820 ,  1.291.048.820 ,  412.330.753 ,0%,32%,68%,0%,,,,,
,ALLIAR,NM,Med Hosp Serv. Anal And Diagnostics,Itaú BBA,IPO,ICVM 400,10/26/2016,"R$ 20,00",28/10/16,  1.771 ,  2.035 ,  279.069.780 ,  395.127.820 ,  674.197.600 ,  211.911.865 ,9%,37%,53%,1%,,,,,
,SANEPAR,N2,Water Utilities,Bradesco BBI,FOLLOW-ON,ICVM 400,12/19/2016,"R$ 9,50",21/12/16,  1.310 ,  1.757 ,  257.592.187 ,  1.717.571.453 ,  1.975.163.639 ,  588.091.359 ,9%,51%,39%,1%,,,,,
,MOVIDA,NM,Rental Cars,Bradesco BBI,IPO,ICVM 400,2/6/2017,"R$ 7,50",08/02/17,  1.096 ,  1.373 ,  535.955.055 ,  64.128.735 ,  600.083.790 ,  191.996.093 ,9%,31%,45%,15%,,,,,
,IHPARDINI,NM,Med Hosp Serv. Anal And Diagnostics,Itaú BBA,IPO,ICVM 400,2/10/2017,"R$ 19,00",14/02/17,  4.616 ,  5.042 ,  187.272.151 ,  690.396.673 ,  877.668.824 ,  283.082.449 ,10%,48%,41%,1%,,,,,
,CCR SA ,NM,Road Concessions,Bradesco BBI,FOLLOW-ON,ICVM 476,2/9/2017,"R$ 16,00",10/02/17,  - ,  396 ,  4.070.604.800 ,  - ,  4.070.604.800 ,  1.306.775.217 ,0%,13%,68%,19%,,,,,
,LOJAS AMERIC,BÁSICO,Consumer Cyclical,Credit Suisse,FOLLOW-ON,ICVM 476,3/8/2017,"R$ 15,80",10/03/17,  - ,  1.203 ,  2.405.053.617 ,  - ,  2.405.053.617 ,  760.539.360 ,0%,39%,47%,14%,,,,,
,ALUPAR,N2,Electric Utilities,Santander,FOLLOW-ON,ICVM 476,4/4/2017,"R$ 6,50",06/04/17,  150 ,  811 ,  833.462.494 ,  - ,  833.462.494 ,  267.478.336 ,0%,45%,55%,0%,,,,,
,AZUL¹,N2,Airlines,Itaú BBA,IPO,ICVM 400,4/10/2017,"R$ 21,00",11/04/17,  1.517 ,  1.753 ,  1.323.000.000 ,  698.036.577 ,  2.021.036.577 ,  643.150.642 ,6%,8%,86%,0%,,,,,
,SANTANDER BR ¹,BÁSICO,Banks,BofA Merrill Lynch,FOLLOW-ON,ICVM 476,4/6/2017,"R$ 25,00",06/04/17,  - ,  157 ,  - ,  2.000.000.000 ,  2.000.000.000 ,  641.848.524 ,0%,19%,81%,0%,,,,,
,BR MALLS PAR,NM,Real Estate,Itaú BBA,FOLLOW-ON,ICVM 476,5/24/2017,"R$ 11,00",24/05/17,  53 ,  536 ,  1.730.088.492 ,  - ,  1.730.088.492 ,  530.230.314 ,0%,33%,66%,0%,,,,,
,BR PROPERT,NM,Real Estate,Itaú BBA,FOLLOW-ON,ICVM 476,6/29/2017,"R$ 8,75",03/07/17,  12 ,  179 ,  952.934.929 ,  - ,  952.934.929 ,  288.636.962 ,0%,4%,96%,0%,,,,,
,CARREFOUR BR,NM,Food Retailers,Itaú BBA,IPO,ICVM 400,7/18/2017,"R$ 15,00",20/07/17,  4.068 ,  4.839 ,  3.088.235.295 ,  1.884.470.475 ,  4.972.705.770 ,  1.583.563.394 ,5%,32%,63%,1%,,,,,
,BIOTOSCANA,BDR,Pharmaceutical And Others Products,JP Morgan,IPO,ICVM 400,7/18/2017,"R$ 26,50",25/07/17,  4.295 ,  4.661 ,  424.000.000 ,  917.562.500 ,  1.341.562.500 ,  425.137.058 ,10%,22%,68%,0%,,,,,
,IRBBRASIL RE,NM,Insurance,Bradesco BBI,IPO,ICVM 400,7/27/2017,"R$ 27,24",31/07/17,  7.324 ,  7.879 ,  - ,  2.003.610.960 ,  2.003.610.960 ,  639.988.169 ,10%,27%,63%,0%,,,,,
,OMEGA GER,NM,Electric Utilities,BTG Pactual,IPO,ICVM 400,7/27/2017,"R$ 15,60",31/07/17,  776 ,  1.017 ,  538.538.504 ,  250.637.962 ,  789.176.466 ,  252.076.681 ,4%,59%,25%,12%,,,,,
,BAHEMA,BÁSICO,Holdings - Diversified,Coinvalores CCVM Ltda.,FOLLOW-ON,ICVM 476,3/31/2017,"R$ 53,78",04/08/17,  2 ,  11 ,  30.555.215 ,  - ,  30.555.215 ,  9.785.810 ,2%,76%,0%,22%,,,,,
,MAGAZ LUIZA,NM,Electronics And Household Appliance,BofA Merrill Lynch,FOLLOW-ON,ICVM 476,9/27/2017,"R$ 65,00",29/09/17,  71 ,  155 ,  1.144.000.000 ,  416.000.000 ,  1.560.000.000 ,  492.424.242 ,0%,34%,66%,0%,,,,,
,PARANAPANEMA,NM,Copper Products,Modal,FOLLOW-ON,ICVM 476,9/13/2017,"R$ 1,56",15/09/17,  - ,  39 ,  - ,  352.358.788 ,  352.358.788 ,  112.736.774 ,0%,0%,19%,81%,,,,,
,AZUL ¹,N2,Airlines,Itaú BBA,FOLLOW-ON,ICVM 476,9/14/2017,"R$ 27,96",19/09/17,  - ,  145 ,  - ,  1.249.622.012 ,  1.249.622.012 ,  401.240.050 ,0%,8%,92%,0%,,,,,
,CAMIL,NM,Other Food Manufacturing,BofA Merrill Lynch,IPO,ICVM 400,9/20/2017,"R$ 9,00",28/09/17,  2.573 ,  2.940 ,  369.000.000 ,  778.500.000 ,  1.147.500.000 ,  360.112.977 ,9%,55%,35%,1%,,,,,
,ENEVA,NM,Electric Utilities,BTG Pactual,FOLLOW-ON,ICVM 400,10/5/2017,"R$ 11,00",06/10/17,  261 ,  426 ,  834.482.759 ,  41.724.133 ,  876.206.892 ,  276.860.115 ,2%,54%,31%,14%,,,,,
,VULCABRAS,NM,Footwear,Credit Suisse,FOLLOW-ON,ICVM 400,10/24/2017,"R$ 9,50",25/10/17,  1.030 ,  1.288 ,  574.997.000 ,  111.460.432 ,  686.457.432 ,  211.954.621 ,10%,65%,25%,0%,,,,,
,RUMO S.A.,NM,Railroads,Bradesco BBI,FOLLOW-ON,ICVM 476,10/4/2017,"R$ 12,00",06/10/17,  - ,  76 ,  2.640.000.000 ,  - ,  2.640.000.000 ,  842.185.855 ,0%,18%,23%,59%,,,,,
,IMC S/A,NM,Restaurants And Similars,BTG Pactual,FOLLOW-ON,ICVM 476,11/9/2017,"R$ 8,00",13/11/17,  - ,  141 ,  - ,  444.592.648 ,  444.592.648 ,  136.600.193 ,0%,60%,40%,0%,,,,,
,BK BRASIL,NM,Restaurants And Similars,Itaú BBA,IPO,ICVM 400,12/14/2017,"R$ 18,00",18/12/17,  3.281 ,  3.672 ,  886.153.842 ,  1.096.968.060 ,  1.983.121.902 ,  603.120.922 ,10%,14%,76%,0%,,,,,
,LE LIS BLANC,NM,Apparel. Fabric And Footwear,BTG Pactual,FOLLOW-ON,ICVM 476,11/30/2017,"R$ 30,00",04/12/17,  1 ,  40 ,  148.140.000 ,  - ,  148.140.000 ,  45.573.125 ,31%,0%,1%,69%,,,,,
,PETROBRAS BR,NM,Exploration. Refining And Distribution,Citi,IPO,ICVM 400,12/13/2017,"R$ 15,00",15/12/17,  6.808 ,  7.658 ,  655.312.500 ,  4.368.750.000 ,  5.024.062.500 ,  1.514.092.731 ,10%,24%,66%,1%,,,,,
,SANEPAR,N2,Water Utilities,Itaú BBA,FOLLOW-ON,ICVM 476,12/12/2017,"R$ 55,20",14/12/17,  - ,  56 ,  - ,  1.040.308.970 ,  1.040.308.970 ,  312.105.175 ,0%,43%,57%,0%,,,,,
,INTERMEDICA,NM,Med Hosp Serv. Anal And Diagnostics,Itaú BBA,IPO,ICVM 400,4/19/2018,"R$ 16,50",23/04/18,  1.375 ,  1.838 ,  341.379.308 ,  2.377.736.642 ,  2.719.115.949 ,  789.958.441 ,9%,21%,70%,0%,,,,,
,HAPVIDA,NM,Med Hosp Serv. Anal And Diagnostics,BTG Pactual,IPO,ICVM 400,4/23/2018,"R$ 23,50",25/04/18,  4.374 ,  5.099 ,  2.631.026.466 ,  800.747.178 ,  3.431.773.644 ,  979.387.455 ,10%,44%,46%,0%,,,,,
,INTER BANCO,N1,Banks,Bradesco BBI,IPO,ICVM 400,4/26/2018,"R$ 18,50",30/04/18,  8.387 ,  8.605 ,  541.463.439 ,  130.991.063 ,  672.454.502 ,  193.172.992 ,12%,28%,60%,0%,,,,,
,INTERMEDICA,NM,Med Hosp Serv. Anal And Diagnostics,Itaú BBA,FOLLOW-ON,ICVM 476,12/5/2018,"R$ 26,00",07/12/18,  15 ,  337 ,  312.000.000 ,  2.741.700.000 ,  3.053.700.000 ,  783.723.437 ,0%,27%,73%,0%,,,,,
,LOCAMERICA,NM,Rental Cars,Itaú BBA,FOLLOW-ON,ICVM 476,12/13/2018,"R$ 32,00",17/12/18,  40 ,  337 ,  992.000.000 ,  384.000.000 ,  1.376.000.000 ,  356.209.066 ,0%,60%,40%,0%,,,,,
,LOCALIZA,NM,Rental Cars,BTG Pactual,FOLLOW-ON,ICVM 476,1/31/2019,"R$ 33,00",04/02/19,  116 ,  906 ,  1.821.600.000 ,  - ,  1.821.600.000 ,  495.592.556 ,0%,54%,46%,0%,,,,,
,IRBBRASIL RE,NM,Insurance,Caixa,FOLLOW-ON,ICVM 476,2/26/2019,"R$ 91,00",28/02/19,  - ,  64 ,  - ,  2.516.733.128 ,  2.516.733.128 ,  677.360.551 ,0%,30%,70%,0%,,,,,
,BK BRASIL,NM,Restaurants And Similars,Itaú BBA,FOLLOW-ON,ICVM 476,3/22/2019,"R$ 21,41",25/03/19,  - ,  118 ,  - ,  714.529.226 ,  714.529.226 ,  184.299.517 ,0%,16%,83%,1%,,,,,
,ENEVA,NM,Electric Utilities,Itaú BBA,FOLLOW-ON,ICVM 476,4/4/2019,"R$ 18,25",08/04/19,  - ,  258 ,  - ,  1.106.794.409 ,  1.106.794.409 ,  286.304.105 ,0%,67%,32%,1%,,,,,
,CENTAURO,NM,Diversified Retailers,Bradesco BBI,IPO,ICVM 400,4/15/2019,"R$ 12,50",17/04/19,  3.368 ,  3.582 ,  705.101.363 ,  - ,  705.101.363 ,  179.758.155 ,10%,50%,40%,0%,,,,,
,TOTVS,NM,Software And Services,BTG Pactual,FOLLOW-ON,ICVM 476,5/22/2019,"R$ 39,50",24/05/19,  - ,  172 ,  1.066.500.000 ,  - ,  1.066.500.000 ,  264.495.809 ,0%,55%,26%,20%,,,,,
,BTGP BANCO,N2,Banks,BTG Pactual,FOLLOW-ON,ICVM 476,6/11/2019,"R$ 46,00",13/06/19,  - ,  138 ,  - ,  2.539.200.000 ,  2.539.200.000 ,  660.750.995 ,0%,67%,32%,0%,,,,,
,CPFL ENERGIA,NM,Electric Utilities,Itaú BBA,FOLLOW-ON,ICVM 476,6/12/2019,"R$ 27,50",13/06/19,  27 ,  572 ,  3.694.341.585 ,  - ,  3.694.341.585 ,  930.096.069 ,0%,51%,49%,0%,,,,,
,INTERMEDICA,NM,Med Hosp Serv. Anal And Diagnostics,Itaú BBA,FOLLOW-ON,ICVM 476,6/18/2019,"R$ 39,50",21/06/19,  - ,  267 ,  - ,  2.666.250.000 ,  2.666.250.000 ,  696.967.717 ,0%,60%,40%,0%,,,,,
,LINX¹,NM,Software And Services,Goldman Sachs,FOLLOW-ON,ICVM 400,6/25/2019,"R$ 36,00",26/06/19,  664 ,  761 ,  831.600.000 ,  348.285.636 ,  1.179.885.636 ,  306.934.168 ,7%,7%,86%,0%,,,,,
,PETROBRAS¹,N2,Exploration. Refining And Distribution,Caixa,FOLLOW-ON,ICVM 400,6/25/2019,"R$ 30,25",27/06/19,  13.251 ,  13.694 ,  - ,  7.300.546.223 ,  7.300.546.223 ,  1.889.277.528 ,21%,32%,46%,1%,,,,,
,NEOENERGIA,NM,Electric Utilities,BB Investimentos,IPO,ICVM 400,6/7/2019,"R$ 15,65",28/06/19,  21.595 ,  22.695 ,  - ,  3.744.278.776 ,  3.744.278.776 ,  977.057.245 ,16%,43%,39%,1%,,,,,
,LIGHT S/A,NM,Electric Utilities,Itaú BBA,FOLLOW-ON,ICVM 476,6/11/2019,"R$ 18,75",02/07/19,  144 ,  664 ,  1.875.000.000 ,  624.999.994 ,  2.499.999.994 ,  654.570.208 ,1%,52%,47%,0%,,,,,
,TECNISA,NM,Real Estate,BTG Pactual,FOLLOW-ON,ICVM 476,7/17/2019,"R$ 1,10",19/07/19,  2 ,  381 ,  445.500.000 ,  - ,  445.500.000 ,  119.092.173 ,2%,67%,16%,15%,,,,,
,IRBBRASIL RE,NM,Insurance,BB Investimentos,FOLLOW-ON,ICVM 476,7/18/2019,"R$ 88,00",22/07/19,  - ,  520 ,  - ,  7.390.103.600 ,  7.390.103.600 ,  1.975.963.529 ,0%,27%,73%,0%,,,,,
,HAPVIDA,NM,Med Hosp Serv. Anal And Diagnostics,BTG Pactual,FOLLOW-ON,ICVM 476,7/24/2019,"R$ 42,50",26/07/19,  - ,  474 ,  2.664.495.000 ,  - ,  2.664.495.000 ,  705.994.807 ,0%,36%,53%,11%,,,,,
,MOVIDA,NM,Car Rental,BTG Pactual,FOLLOW-ON,ICVM 476,7/25/2019,"R$ 15,00",29/07/19,  - ,  942 ,  532.500.000 ,  300.000.000 ,  832.500.000 ,  219.604.843 ,0%,49%,44%,7%,,,,,
,BANCO INTER,N2,Banks,Bradesco BBI,FOLLOW-ON,ICVM 476,7/29/2019,"R$ 13,33",31/07/19,  - ,  3.632 ,  1.247.688.000 ,  - ,  1.247.688.000 ,  331.400.037 ,0%,65%,3%,32%,,,,,
,PETROBRAS BR,NM,Exploration. Refining And Distribution,JP Morgan,FOLLOW-ON,ICVM 400,7/23/2019,"R$ 24,50",25/07/19,  7.348 ,  8.282 ,  - ,  9.633.093.750 ,  9.633.093.750 ,  2.545.138.247 ,10%,45%,45%,0%,,,,,
,TRISUL,NM,Real Estate,BTG Pactual,FOLLOW-ON,ICVM 476,9/12/2019,"R$ 10,00",16/09/19,  - ,  761 ,  405.000.000 ,  - ,  405.000.000 ,  99.089.841 ,0%,82%,11%,7%,,,,,
,BANCO PAN,N1,Banks,BTG Pactual,FOLLOW-ON,ICVM 476,9/19/2019,"R$ 8,25",23/09/19,  - ,  671 ,  521.812.500 ,  521.812.500 ,  1.043.625.000 ,  250.065.894 ,0%,64%,33%,3%,,,,,
,SINQIA,NM,Software And Services,BTG Pactual,FOLLOW-ON,ICVM 476,9/17/2019,"R$ 62,00",19/09/19,  - ,  1.797 ,  362.700.000 ,  - ,  362.700.000 ,  87.623.511 ,0%,82%,12%,6%,,,,,
,OMEGA GER,NM,Electric Utilities,BofA Merrill Lynch,FOLLOW-ON,ICVM 476,9/25/2019,"R$ 30,00",27/09/19,  148 ,  358 ,  830.769.240 ,  - ,  830.769.240 ,  199.766.571 ,0%,65%,35%,0%,,,,,
,EZTEC,NM,Real Estate,BTG Pactual,FOLLOW-ON,ICVM 476,9/24/2019,"R$ 36,25",26/09/19,  - ,  889 ,  978.750.000 ,  - ,  978.750.000 ,  236.019.677 ,0%,67%,20%,13%,,,,,
,HELBOR,NM,Real Estate,BTG Pactual,FOLLOW-ON,ICVM 476,9/10/2019,"R$ 2,65",14/10/19,  - ,  581 ,  560.057.625 ,  - ,  560.057.625 ,  135.728.770 ,0%,47%,15%,37%,,,,,
,VIVARA S.A.,NM,Accessories,Itaú BBA,IPO,ICVM 400,10/8/2019,"R$ 24,00",10/10/19,  26.986 ,  27.872 ,  453.471.888 ,  1.787.377.536 ,  2.240.849.424 ,  544.622.536 ,13%,56%,30%,0%,,,,,
,BRASIL,NM,Banks,Caixa,FOLLOW-ON,ICVM 400,10/17/2019,"R$ 44,05",21/10/19,  29.222 ,  30.039 ,  - ,  5.836.921.765 ,  5.836.921.765 ,  1.412.648.361 ,32%,37%,30%,1%,,,,,
,LOG COM PROP,NM,Real Estate,BTG Pactual,FOLLOW-ON,ICVM 476,10/22/2019,"R$ 22,50",24/10/19,  - ,  988 ,  637.875.000 ,  - ,  637.875.000 ,  159.114.720 ,0%,38%,18%,44%,,,,,
,CYRE COM-CCP,NM,Real Estate,Bradesco BBI,FOLLOW-ON,ICVM 400,10/28/2019,"R$ 19,00",30/10/19,  1.087 ,  1.329 ,  863.550.000 ,  - ,  863.550.000 ,  214.888.270 ,9%,57%,28%,6%,,,,,
,LOPES BRASIL,NM,Property Agency,Itaú BBA,FOLLOW-ON,ICVM 476,10/29/2019,"R$ 7,00",31/10/19,  456 ,  548 ,  147.000.000 ,  - ,  147.000.000 ,  36.712.370 ,1%,73%,26%,0%,,,,,
,BANCO BMG,N1,Banks,XP Investimentos,IPO,ICVM 400,10/24/2019,"R$ 11,60",28/10/19,  4.703 ,  5.252 ,  1.200.000.013 ,  191.304.358 ,  1.391.304.371 ,  349.635.456 ,10%,61%,27%,1%,,,,,
,CEA MODAS,NM,Apparel. Fabric And Footwear,Morgan Stanley,IPO,ICVM 400,10/24/2019,"R$ 16,50",28/10/19,  4.247 ,  4.724 ,  813.698.622 ,  941.070.009 ,  1.754.768.631 ,  440.974.199 ,10%,51%,39%,0%,,,,,
,MAGAZ LUIZA,NM,Electronics And Household Appliance,Itaú BBA,FOLLOW-ON,ICVM 476,11/12/2019,"R$ 43,00",14/11/19,  2.870 ,  3.803 ,  4.300.000.000 ,  430.000.000 ,  4.730.000.000 ,  1.130.740.360 ,0%,57%,42%,1%,,,,,
,JHSF PART,NM,Real Estate,BTG Pactual,FOLLOW-ON,ICVM 476,11/13/2019,"R$ 4,75",18/11/19,  - ,  1.619 ,  513.000.000 ,  - ,  513.000.000 ,  122.648.050 ,0%,55%,39%,6%,,,,,
,LOG-IN,NM,Marine And Water Transport,Goldman Sachs,FOLLOW-ON,ICVM 476,11/21/2019,"R$ 14,50",25/11/19,  - ,  421 ,  633.650.000 ,  - ,  633.650.000 ,  148.887.427 ,0%,57%,35%,8%,,,,,
,BR PROPERT,NM,Real Estate,Itaú BBA,FOLLOW-ON,ICVM 476,11/21/2019,"R$ 12,50",25/11/19,  51 ,  299 ,  1.054.687.500 ,  - ,  1.054.687.500 ,  247.817.735 ,0%,53%,46%,0%,,,,,
,LOJAS MARISA,NM,Apparel. Fabric And Footwear,Itaú BBA,FOLLOW-ON,ICVM 476,12/4/2019,"R$ 10,00",06/12/19,  130 ,  374 ,  567.708.330 ,  - ,  567.708.330 ,  135.870.648 ,0%,67%,30%,3%,,,,,
,ALIANSCSONAE,NM,Real Estate,Bank of America,FOLLOW-ON,ICVM 476,12/5/2019,"R$ 43,00",09/12/19,  - ,  443 ,  1.190.769.244 ,  - ,  1.190.769.244 ,  286.911.607 ,0%,50%,36%,14%,,,,,
,INTERMEDICA,NM,Med Hosp Serv. Anal And Diagnostics,Itaú BBA,FOLLOW-ON,ICVM 476,12/11/2019,"R$ 57,00",13/12/19,  662 ,  1.376 ,  3.705.000.000 ,  1.296.750.000 ,  5.001.750.000 ,  1.221.458.399 ,0%,44%,55%,0%,,,,,
,LOCAMERICA,NM,Rental Cars,Itaú BBA,FOLLOW-ON,ICVM 476,12/17/2019,"R$ 19,50",19/12/19,  593 ,  1.061 ,  1.189.500.000 ,  639.771.249 ,  1.829.271.249 ,  450.193.500 ,0%,48%,51%,1%,,,,,
,MARFRIG,NM,Meat. Poultry And Others,Santander,FOLLOW-ON,ICVM 476,12/17/2019,"R$ 10,00",19/12/19,  614 ,  681 ,  900.900.910 ,  2.096.484.270 ,  2.997.385.180 ,  737.672.626 ,14%,40%,46%,0%,,,,,
,LE LIS BLANC,NM,Apparel. Fabric And Footwear,Santander,FOLLOW-ON,ICVM 476,12/18/2019,"R$ 15,00",20/12/19,  121 ,  141 ,  258.750.000 ,  - ,  258.750.000 ,  63.454.889 ,30%,70%,0%,0%,,,,,
,MINERVA,NM,Meat. Poultry And Others,BTG Pactual,FOLLOW-ON,ICVM 476,1/23/2020,"R$ 13,00",27/01/20,  - ,  1.226 ,  1.040.000.000 ,  195.000.000 ,  1.235.000.000 ,  292.681.771 ,0%,48%,43%,10%,,,,,
,ANIMA,NM,Education Services,XP Investimentos,FOLLOW-ON,ICVM 476,1/29/2020,"R$ 36,25",31/01/20,  96 ,  332 ,  1.100.213.600 ,  - ,  1.100.213.600 ,  257.691.439 ,13%,57%,30%,0%,,,,,
,POSITIVO TEC,NM,Hardware And Equipments,BTG Pactual,FOLLOW-ON,ICVM 476,1/30/2020,"R$ 6,55",03/02/20,  - ,  321 ,  353.700.000 ,  - ,  353.700.000 ,  83.272.513 ,0%,82%,14%,4%,,,,,
,MITRE REALTY,NM,Real Estate,Itaú BBA,IPO,ICVM 400,2/3/2020,"R$ 19,30",05/02/20,  7.300 ,  7.748 ,  958.724.026 ,  94.003.236 ,  1.052.727.262 ,  247.998.130 ,10%,43%,45%,2%,,,,,
,LOCAWEB,NM,Software And Services,Itaú BBA,IPO,ICVM 400,2/4/2020,"R$ 17,25",06/02/20,  3.180 ,  3.704 ,  574.999.994 ,  750.144.989 ,  1.325.144.983 ,  311.967.649 ,10%,33%,55%,2%,,,,,
,PETROBRAS,N2,Exploration. Refining And Distribution,Credit Suisse,FOLLOW-ON,ICVM 400,2/5/2020,"R$ 30,00",07/02/20,  53.097 ,  55.292 ,  - ,  22.026.080.970 ,  22.026.080.970 ,  5.113.306.939 ,17%,44%,39%,1%,,,,,
,COGNA ON,NM,Education Services,Itaú BBA,FOLLOW-ON,ICVM 476,2/11/2020,"R$ 11,00",13/02/20,  1 ,  2.042 ,  2.555.938.044 ,  - ,  2.555.938.044 ,  589.075.121 ,0%,30%,45%,25%,,,,,
,MOURA DUBEUX,NM,Real Estate,Itaú BBA,IPO,ICVM 400,2/11/2020,"R$ 19,00",13/02/20,  4.678 ,  4.948 ,  1.104.867.005 ,  - ,  1.104.867.005 ,  254.642.192 ,10%,59%,31%,0%,,,,,
,PRINER,NM,Diversified Services,XP Investimentos,IPO,ICVM 400,2/13/2020,"R$ 10,00",17/02/20,  9.671 ,  9.909 ,  173.913.040 ,  26.086.950 ,  199.999.990 ,  46.342.422 ,38%,57%,3%,3%,,,,,
,ESTAPAR,NM,Diversified Services,BTG Pactual,IPO,ICVM 400,5/13/2020,"R$ 10,50",15/05/20,  1.104 ,  1.178 ,  300.300.000 ,  - ,  300.300.000 ,  51.572.241 ,10%,44%,6%,40%,,,,,
,CENTAURO,NM,Diversified Retailers,Bradesco BBI,FOLLOW-ON,ICVM 476,5/26/2020,"R$ 30,00",08/06/20,  344 ,  770 ,  900.000.000 ,  - ,  900.000.000 ,  182.441.061 ,0%,68%,32%,1%,,,,,
,VIAVAREJO,NM,Electronics and Household Appliance,Bradesco BBI,FOLLOW-ON,ICVM 476,6/15/2020,"R$ 15,00",17/06/20,  - ,  14.556 ,  4.455.000.000 ,  - ,  4.455.000.000 ,  848.587.592 ,0%,41%,28%,31%,,,,,
,BTGP BANCO,N2,Banks,BTG Pactual,FOLLOW-ON,ICVM 476,6/29/2020,"R$ 24,80",01/07/20,  - ,  2.556 ,  2.650.500.000 ,  - ,  2.650.500.000 ,  494.026.206 ,0%,48%,12%,40%,,,,,
,AURA 360,BDR,Metalic Minerals,Credit Suisse,IPO,ICVM 476,7/2/2020,"R$ 820,00",06/07/20,  - ,  120 ,  301.753.440 ,  560.739.780 ,  862.493.220 ,  162.473.998 ,0%,81%,18%,0%,,,,,
,JHSF PART,NM,Real Estate,BTG Pactual,FOLLOW-ON,ICVM 476,7/15/2020,"R$ 9,75",17/07/20,  - ,  2.687 ,  399.750.000 ,  33.422.513 ,  433.172.513 ,  80.951.694 ,0%,84%,11%,5%,,,,,
,LOJAS AMERIC 4 ,N1,Diversified Retailers,BTG Pactual,FOLLOW-ON,ICVM 476,7/14/2020,"R$ 32,40",16/07/20,  - ,  2.073 ,  7.873.740.000 ,  - ,  7.873.740.000 ,  1.470.078.417 ,0%,35%,18%,46%,,,,,
,AMBIPAR,NM,Water Utilities,Bradesco BBI,IPO,ICVM 400,7/9/2020,"R$ 24,75",13/07/20,  5.287 ,  5.798 ,  1.082.400.017 ,  - ,  1.082.400.017 ,  202.370.717 ,10%,60%,30%,0%,,,,,
,IMC S/A,NM,Restaurants And Similars,BTG Pactual,FOLLOW-ON,ICVM 476,7/21/2020,"R$ 4,25",23/07/20,  - ,  1.766 ,  384.412.500 ,  - ,  384.412.500 ,  74.430.751 ,0%,71%,9%,19%,,,,,
,IRANI,BÁSICO,Pulp And Paper,BTG Pactual,FOLLOW-ON,ICVM 476,7/22/2020,"R$ 4,50",24/07/20,  - ,  105 ,  405.000.000 ,  - ,  405.000.000 ,  77.666.552 ,0%,76%,23%,0%,,,,,
,DIMED,BÁSICO,Pharmaceutical And Others Products,Bradesco BBI,FOLLOW-ON,ICVM 476,7/22/2020,"R$ 30,00",24/07/20,  - ,  809 ,  480.000.000 ,  556.713.360 ,  1.036.713.360 ,  198.809.757 ,0%,56%,41%,3%,,,,,
,GRUPO SOMA,NM,Apparel. Fabric And Footwear,Itaú BBA,IPO,ICVM 400,7/29/2020,"R$ 9,90",31/07/20,  6.726 ,  7.229 ,  1.349.999.996 ,  472.499.993 ,  1.822.499.989 ,  350.258.488 ,13%,72%,15%,0%,,,,,
,D1000VFARMA,NM,Pharmaceutical And Others Products,XP Investimentos,IPO,ICVM 400,8/6/2020,"R$ 17,00",10/08/20,  6.213 ,  6.526 ,  400.115.485 ,  - ,  400.115.485 ,  74.187.508 ,32%,59%,7%,2%,,,,,
,QUERO-QUERO,NM,Diversified Retailers,BTG Pactual,IPO,ICVM 400,8/6/2020,"R$ 12,65",10/08/20,  10.049 ,  10.844 ,  279.867.259 ,  1.951.899.023 ,  2.231.766.282 ,  413.803.475 ,10%,55%,35%,0%,,,,,
,RUMO S.A.,NM,Railroads,Bradesco BBI,FOLLOW-ON,ICVM 476,8/24/2020,"R$ 21,75",26/08/20,  - ,  2.532 ,  6.400.000.010 ,  - ,  6.400.000.010 ,  1.149.425.289 ,0%,18%,17%,65%,,,,,
,BANCO INTER,N2,Banks,Bradesco BBI,FOLLOW-ON,ICVM 476,9/3/2020,"R$ 20,83",08/09/20,  - ,  802 ,  1.166.248.787 ,  - ,  1.166.248.787 ,  217.186.634 ,0%,44%,23%,33%,,,,,
,OMEGA GER,NM,Electric Utilities,Itaú BBA,FOLLOW-ON,ICVM 476,9/1/2020,"R$ 38,25",03/09/20,  141 ,  382 ,  896.963.533 ,  - ,  896.963.533 ,  168.986.517 ,0%,61%,38%,1%,,,,,
,LAVVI²,NM,Real Estate,BTG Pactual,IPO,ICVM 400,8/31/2020,"R$ 9,50",02/09/20,  - ,  - ,  1.027.064.000 ,  - ,  1.027.064.000 ,  191.113.675 ,0%,0%,0%,0%,,,,,
,PAGUE MENOS²,NM,Pharmaceutical And Others Products,Itaú BBA,IPO,ICVM 400,8/31/2020,"R$ 8,50",02/09/20,  - ,  - ,  746.924.436 ,  - ,  746.924.436 ,  138.985.958 ,0%,0%,0%,0%,,,,,
,BANCO PAN,N1,Banks,BTG Pactual,FOLLOW-ON,ICVM 476,8/27/2020,"R$ 8,30",31/08/20,  - ,  46 ,  - ,  743.677.220 ,  743.677.220 ,  135.923.312 ,0%,29%,25%,47%,,,,,
,PETZ,NM,Diversified Retailers,Itaú BBA,IPO,ICVM 400,11/9/2020,"R$ 13,75",11/09/20,  37.928 ,  39.168 ,  336.734.695 ,  2.693.877.533 ,  3.030.612.228 ,  573.393.164 ,13%,59%,28%,1%,,,,,
,PLANOEPLANO²,NM,Diversified Retailers,Itaú BBA,IPO,ICVM 400,9/15/2020,"R$ 9,40",17/09/20,  - ,  - ,  40.006.400 ,  559.995.600 ,  600.002.000 ,  114.084.004 ,0%,0%,0%,0%,,,,,
,JSL²,NM,Trucking,XP Investimentos,FOLLOW-ON,ICVM 476,9/8/2020,"R$ 9,60",10/09/20,  - ,  - ,  693.655.315 ,  - ,  693.655.315 ,  131.036.594 ,0%,0%,0%,0%,,,,,
,SANTOS BRP,NM,Warehouseing and storage,BTG Pactual,FOLLOW-ON,ICVM 476,9/24/2020,"R$ 4,10",28/09/20,  - ,  2.244 ,  789.988.000 ,  - ,  789.988.000 ,  141.793.445 ,0%,81%,9%,9%,,,,,
,MELNICK²,NM,Diversified Retailers,BTG Pactual,IPO,ICVM 400,9/24/2020,"R$ 8,50",28/09/20,  - ,  - ,  620.500.000 ,  - ,  620.500.000 ,  111.085.252 ,0%,0%,0%,0%,,,,,
,HIDROVIAS²,NM,Marine and Water Transport,Bank of America,IPO,ICVM 400,9/23/2020,"R$ 7,56",25/09/20,  - ,  - ,  - ,  3.019.664.869 ,  3.019.664.869 ,  542.451.519 ,0%,0%,0%,0%,,,,,
,CURY S/A²,NM,Diversified Retailers,BTG Pactual,IPO,ICVM 400,9/17/2020,"R$ 9,35",21/09/20,  - ,  - ,  169.999.998 ,  680.000.003 ,  850.000.001 ,  156.135.195 ,0%,0%,0%,0%,,,,,
,BOA VISTA²,NM,Diversified Financial Services,J.P. Morgan,IPO,ICVM 400,9/28/2020,"R$ 12,20",30/09/20,  - ,  - ,  1.016.666.663 ,  870.065.582 ,  1.886.732.245 ,  334.485.480 ,0%,0%,0%,0%,,,,,
,,,,,,,,,,,,,,,,,,,,,,,,
,,"¹ Data refering only to (""Brazilian Offering"").",,,,,,,,,,,,,,,,,,,,,,
,,² Preliminary Data.,,,,,,,,,,,,,,,,,,,,,,
,,"³ Participation on volue before ""Recompra no Âmbito das Atividades de Estabilização"".",,,,,,,,,,,,,,,,,,,,,,
,,4 Weighted price in case of a preferred and common shares offering.,,,,,,,,,,,,,,,,,,,,,,
,,N/A - Not Available.,,,,,,,,,,,,,,,,,,,,,,